Run ID:   eu_20260612_212451
Provider: gemini

Index entries:    2342
  Skippable:      181  (phase2 / no pdf / already canonical)
  To extract:     2161
  Already done:   0
  Pending:        2161

[1/2161  0%]  eu_3d_systems_dussur_jv_2022
  ✓  ERROR: No chunks matched focus 'market_definition'. Try --inspect-chunks to see available section labels.
[2/2161  0%]  eu_3g_capital_skechers_2025
  ✓  ERROR: No chunks matched focus 'market_definition'. Try --inspect-chunks to see available section labels.
[3/2161  0%]  eu_a_p_moellermaersk_senator_international_2022
  ✓  Product markets:  5
[4/2161  0%]  eu_aak_klk_jv_2026
  ✓  ERROR: No chunks matched focus 'market_definition'. Try --inspect-chunks to see available section labels.
[5/2161  0%]  eu_aam_dowlais_2025
  ✓  Product markets:  3
[6/2161  0%]  eu_aar_air_france_xcelle_americas_jv_2025
  ✓  ERROR: No chunks matched focus 'market_definition'. Try --inspect-chunks to see available section labels.
[7/2161  0%]  eu_aar_air_france_xcelle_asia_jv_2025
  ✓  ERROR: No chunks matched focus 'market_definition'. Try --inspect-chunks to see available section labels.
[8/2161  0%]  eu_aas_sinopec_fpcl_2025
  ✓  ERROR: No chunks matched focus 'market_definition'. Try --inspect-chunks to see available section labels.
[9/2161  0%]  eu_abastible_gasib_spain_gasib_portugal_2024
  ✓  ERROR: No chunks matched focus 'market_definition'. Try --inspect-chunks to see available section labels.
[10/2161  0%]  eu_abb_niedax_eagle_jv_holdco_inc_2024
  ✓  ERROR: No chunks matched focus 'market_definition'. Try --inspect-chunks to see available section labels.
[11/2161  0%]  eu_abb_wm_jv_2025
  ✓  ERROR: No chunks matched focus 'market_definition'. Try --inspect-chunks to see available section labels.
[12/2161  1%]  eu_abc_technologies_ti_fluid_systems_2025
  ✓  ERROR: No chunks matched focus 'market_definition'. Try --inspect-chunks to see available section labels.
[13/2161  1%]  eu_aberdeen_digitalbridge_group_equans_2026
  ✓  ERROR: No chunks matched focus 'market_definition'. Try --inspect-chunks to see available section labels.
[14/2161  1%]  eu_aberdeen_digitalbridge_zemobility_2026
  ✓  ERROR: No chunks matched focus 'market_definition'. Try --inspect-chunks to see available section labels.
[15/2161  1%]  eu_abm_yka_hebei_mauri_2022
  ✓  ERROR: No chunks matched focus 'market_definition'. Try --inspect-chunks to see available section labels.
[16/2161  1%]  eu_abn_amro_hal_2024
  ✓  ERROR: No chunks matched focus 'market_definition'. Try --inspect-chunks to see available section labels.
[17/2161  1%]  eu_abp_slaney_linden_2021
  ✓  ERROR: No chunks matched focus 'market_definition'. Try --inspect-chunks to see available section labels.
[18/2161  1%]  eu_abu_dhabi_future_energy_compan_mufg_terragen_power_holdings_ii_2024
  ✓  ERROR: No chunks matched focus 'market_definition'. Try --inspect-chunks to see available section labels.
[19/2161  1%]  eu_abu_dhabi_ports_company_noatum_holdings_2023
  ✓  ERROR: No chunks matched focus 'market_definition'. Try --inspect-chunks to see available section labels.
[20/2161  1%]  eu_acc_evonik_jv_2022
  ✓  ERROR: No chunks matched focus 'market_definition'. Try --inspect-chunks to see available section labels.
[21/2161  1%]  eu_acciaieria_arvedi_finarvedi_acciai_speciali_terni_2021
  ✓  ERROR: No chunks matched focus 'market_definition'. Try --inspect-chunks to see available section labels.
[22/2161  1%]  eu_acciona_concesiones_cobra_endeavour_2023
  ✓  ERROR: No chunks matched focus 'market_definition'. Try --inspect-chunks to see available section labels.
[23/2161  1%]  eu_aces_prezero_enagas_renovable_2024
  ✓  ERROR: No chunks matched focus 'market_definition'. Try --inspect-chunks to see available section labels.
[24/2161  1%]  eu_achmea_elg_holding_apl_2025
  ✓  ERROR: No chunks matched focus 'market_definition'. Try --inspect-chunks to see available section labels.
[25/2161  1%]  eu_acm_deutsche_post_dhl_parcel_uk_2025
  ✓  ERROR: No chunks matched focus 'market_definition'. Try --inspect-chunks to see available section labels.
[26/2161  1%]  eu_acs_global_infrastructure_manageme_jv_2025
  ✓  ERROR: No chunks matched focus 'market_definition'. Try --inspect-chunks to see available section labels.
[27/2161  1%]  eu_actis_edf_bharat_grid_2025
  ✓  ERROR: No chunks matched focus 'market_definition'. Try --inspect-chunks to see available section labels.
[28/2161  1%]  eu_actis_gic_serena_energia_2025
  ✓  ERROR: No chunks matched focus 'market_definition'. Try --inspect-chunks to see available section labels.
[29/2161  1%]  eu_add_totalenergies_total_egypt_2022
  ✓  ERROR: No chunks matched focus 'market_definition'. Try --inspect-chunks to see available section labels.
[30/2161  1%]  eu_adecco_akka_2021
  ✓  ERROR: No chunks matched focus 'market_definition'. Try --inspect-chunks to see available section labels.
[31/2161  1%]  eu_adia_transurban_australiansuper_2022
  ✓  ERROR: No chunks matched focus 'market_definition'. Try --inspect-chunks to see available section labels.
[32/2161  1%]  eu_adnoc_adq_ril_2022
  ✓  ERROR: No chunks matched focus 'market_definition'. Try --inspect-chunks to see available section labels.
[33/2161  1%]  eu_adnoc_fertiglobe_2024
  ✓  ERROR: No chunks matched focus 'market_definition'. Try --inspect-chunks to see available section labels.
[34/2161  2%]  eu_adnoc_navig8_limited_navig8_group_2024
  ✓  ERROR: No chunks matched focus 'market_definition'. Try --inspect-chunks to see available section labels.
[35/2161  2%]  eu_adnoc_omv_2023
  ✓  ERROR: No chunks matched focus 'market_definition'. Try --inspect-chunks to see available section labels.
[36/2161  2%]  eu_adnoc_omv_nova_2025
  ✓  ERROR: No chunks matched focus 'market_definition'. Try --inspect-chunks to see available section labels.
[37/2161  2%]  eu_adq_egpc_ethydco_2024
  ✓  ERROR: No chunks matched focus 'market_definition'. Try --inspect-chunks to see available section labels.
[38/2161  2%]  eu_adqcvf_next_sothebys_2024
  ✓  ERROR: No chunks matched focus 'market_definition'. Try --inspect-chunks to see available section labels.
[39/2161  2%]  eu_adrill_adh_deep_well_services_2025
  ✓  ERROR: No chunks matched focus 'market_definition'. Try --inspect-chunks to see available section labels.
[40/2161  2%]  eu_adrill_adh_ev_2024
  ✓  ERROR: No chunks matched focus 'market_definition'. Try --inspect-chunks to see available section labels.
[41/2161  2%]  eu_adrill_adh_gordon_2024
  ✓  ERROR: No chunks matched focus 'market_definition'. Try --inspect-chunks to see available section labels.
[42/2161  2%]  eu_adrill_adh_tubacex_2024
  ✓  ERROR: No chunks matched focus 'market_definition'. Try --inspect-chunks to see available section labels.
[43/2161  2%]  eu_adt_ford_next_sntnl_2022
  ✓  ERROR: No chunks matched focus 'market_definition'. Try --inspect-chunks to see available section labels.
[44/2161  2%]  eu_advent_afk_ta_2026
  ✓  ERROR: No chunks matched focus 'market_definition'. Try --inspect-chunks to see available section labels.
[45/2161  2%]  eu_advent_caldic_2022
  ✓  ERROR: No chunks matched focus 'market_definition'. Try --inspect-chunks to see available section labels.
[46/2161  2%]  eu_advent_dem_business_hpm_business_2023
  ✓  Product markets:  4
[47/2161  2%]  eu_advent_eurazeo_hoist_2021
  ✓  ERROR: No chunks matched focus 'market_definition'. Try --inspect-chunks to see available section labels.
[48/2161  2%]  eu_advent_eurazeo_protel_2021
  ✓  ERROR: No chunks matched focus 'market_definition'. Try --inspect-chunks to see available section labels.
[49/2161  2%]  eu_advent_genstar_prometheus_group_2024
  ✓  ERROR: No chunks matched focus 'market_definition'. Try --inspect-chunks to see available section labels.
[50/2161  2%]  eu_advent_gfk_2023
  ✓  Product markets:  6
[51/2161  2%]  eu_advent_international_sobi_2021
  ✓  ERROR: No chunks matched focus 'market_definition'. Try --inspect-chunks to see available section labels.
[52/2161  2%]  eu_advent_irca_2022
  ✓  ERROR: No chunks matched focus 'market_definition'. Try --inspect-chunks to see available section labels.
[53/2161  2%]  eu_advent_kereis_2025
  ✓  ERROR: No chunks matched focus 'market_definition'. Try --inspect-chunks to see available section labels.
[54/2161  2%]  eu_advent_mubadala_prosper_link_international_2025
  ✓  ERROR: No chunks matched focus 'market_definition'. Try --inspect-chunks to see available section labels.
[55/2161  2%]  eu_advent_nextalia_tinexta_2025
  ✓  ERROR: No chunks matched focus 'market_definition'. Try --inspect-chunks to see available section labels.
[56/2161  3%]  eu_advent_permira_mcafee_2022
  ✓  ERROR: No chunks matched focus 'market_definition'. Try --inspect-chunks to see available section labels.
[57/2161  3%]  eu_advent_reckitt_benckiser_essential_ho_2025
  ✓  ERROR: No chunks matched focus 'market_definition'. Try --inspect-chunks to see available section labels.
[58/2161  3%]  eu_advent_sapiens_2025
  ✓  ERROR: No chunks matched focus 'market_definition'. Try --inspect-chunks to see available section labels.
[59/2161  3%]  eu_advent_tbi_bank_2025
  ✓  ERROR: No chunks matched focus 'market_definition'. Try --inspect-chunks to see available section labels.
[60/2161  3%]  eu_advent_wpf_nuvei_2024
  ✓  ERROR: No chunks matched focus 'market_definition'. Try --inspect-chunks to see available section labels.
[61/2161  3%]  eu_aea_bci_pave_america_2025
  ✓  ERROR: No chunks matched focus 'market_definition'. Try --inspect-chunks to see available section labels.
[62/2161  3%]  eu_aena_digitalbridge_jv_2026
  ✓  ERROR: No chunks matched focus 'market_definition'. Try --inspect-chunks to see available section labels.
[63/2161  3%]  eu_aequita_lyondellbasell_industries_hold_2025
  ✓  ERROR: No chunks matched focus 'market_definition'. Try --inspect-chunks to see available section labels.
[64/2161  3%]  eu_agc_glass_europe_interpane_2022
  ✓  ERROR: No chunks matched focus 'market_definition'. Try --inspect-chunks to see available section labels.
[65/2161  3%]  eu_agco_trimble_trimble_solutions_jv_2024
  ✓  Product markets:  9
[66/2161  3%]  eu_agi_bnppf_jv_2023
  ✓  ERROR: No chunks matched focus 'market_definition'. Try --inspect-chunks to see available section labels.
[67/2161  3%]  eu_agrana_austria_juice_2025
  ✓  ERROR: No chunks matched focus 'market_definition'. Try --inspect-chunks to see available section labels.
[68/2161  3%]  eu_agravis_raiffeisen_danish_agro_nordic_seed_germany_2024
  ✓  ERROR: No chunks matched focus 'market_definition'. Try --inspect-chunks to see available section labels.
[69/2161  3%]  eu_agrofert_borealis_nitro_2023
  ✓  Product markets:  6
[70/2161  3%]  eu_agrofert_east_grain_group_2024
  ✓  ERROR: No chunks matched focus 'market_definition'. Try --inspect-chunks to see available section labels.
[71/2161  3%]  eu_ahlsell_sanistal_2022
  ✓  ERROR: No chunks matched focus 'market_definition'. Try --inspect-chunks to see available section labels.
[72/2161  3%]  eu_aip_alvance_duffel_target_business_2022
  ✓  ERROR: No chunks matched focus 'market_definition'. Try --inspect-chunks to see available section labels.
[73/2161  3%]  eu_aip_international_paper_global_cel_2025
  ✓  ERROR: No chunks matched focus 'market_definition'. Try --inspect-chunks to see available section labels.
[74/2161  3%]  eu_aip_macquarie_aberdeen_2022
  ✓  ERROR: No chunks matched focus 'market_definition'. Try --inspect-chunks to see available section labels.
[75/2161  3%]  eu_air_liquide_adp_jv_2023
  ✓  ERROR: No chunks matched focus 'market_definition'. Try --inspect-chunks to see available section labels.
[76/2161  3%]  eu_air_liquide_fluxys_jv_2025
  ✓  ERROR: No chunks matched focus 'market_definition'. Try --inspect-chunks to see available section labels.
[77/2161  4%]  eu_airbus_safran_tac_2022
  ✓  Product markets:  21
[78/2161  4%]  eu_alat_tke_ksa_jv_2025
  ✓  ERROR: No chunks matched focus 'market_definition'. Try --inspect-chunks to see available section labels.
[79/2161  4%]  eu_alcentra_people_baby_2024
  ✓  ERROR: No chunks matched focus 'market_definition'. Try --inspect-chunks to see available section labels.
[80/2161  4%]  eu_alcentra_people_baby_2025
  ✓  ERROR: No chunks matched focus 'market_definition'. Try --inspect-chunks to see available section labels.
[81/2161  4%]  eu_ald_leaseplan_2022
  ✓  Product markets:  3
[82/2161  4%]  eu_alfi_re_plavi_re_planet_koper_2024
  ✓  ERROR: No chunks matched focus 'market_definition'. Try --inspect-chunks to see available section labels.
[83/2161  4%]  eu_ali_group_welbilt_2022
  ✓  Product markets:  17
[84/2161  4%]  eu_alimentation_couchetard_totalenergies_belgium_luxembou_2023
  ✓  ERROR: No chunks matched focus 'market_definition'. Try --inspect-chunks to see available section labels.
[85/2161  4%]  eu_allianz_dalmore_amber_2022
  ✓  ERROR: No chunks matched focus 'market_definition'. Try --inspect-chunks to see available section labels.
[86/2161  4%]  eu_allianz_pimco_silver_point_2024
  ✓  ERROR: No chunks matched focus 'market_definition'. Try --inspect-chunks to see available section labels.
[87/2161  4%]  eu_allianz_tua_assicurazioni_2023
  ✓  ERROR: No chunks matched focus 'market_definition'. Try --inspect-chunks to see available section labels.
[88/2161  4%]  eu_alpha_peninsula_prima_industrie_2022
  ✓  ERROR: No chunks matched focus 'market_definition'. Try --inspect-chunks to see available section labels.
[89/2161  4%]  eu_alphabet_foxconn_jv_2025
  ✓  ERROR: No chunks matched focus 'market_definition'. Try --inspect-chunks to see available section labels.
[90/2161  4%]  eu_also_sws_2024
  ✓  ERROR: No chunks matched focus 'market_definition'. Try --inspect-chunks to see available section labels.
[91/2161  4%]  eu_also_westcoast_uk_ireland_france_2025
  ✓  Product markets:  5
[92/2161  4%]  eu_alten_worldgrid_2024
  ✓  ERROR: No chunks matched focus 'market_definition'. Try --inspect-chunks to see available section labels.
[93/2161  4%]  eu_altor_marlin_meltwater_2023
  ✓  ERROR: No chunks matched focus 'market_definition'. Try --inspect-chunks to see available section labels.
[94/2161  4%]  eu_amalfi_invest_opportunities_la_doria_2022
  ✓  ERROR: No chunks matched focus 'market_definition'. Try --inspect-chunks to see available section labels.
[95/2161  4%]  eu_amazon_mgm_2022
  ✓  Product markets:  7
[96/2161  4%]  eu_amcor_berry_2025
  ✓  ERROR: No chunks matched focus 'market_definition'. Try --inspect-chunks to see available section labels.
[97/2161  4%]  eu_amd_xilinx_2021
  ✓  Product markets:  20
[98/2161  4%]  eu_amd_zt_2025
  ✗  TypeError: unhashable type: 'dict'
[99/2161  4%]  eu_amphenol_commscope_connectivity_and_cab_2025
  ✓  ERROR: No chunks matched focus 'market_definition'. Try --inspect-chunks to see available section labels.
[100/2161  5%]  eu_amundi_marguerite_ze_way_invest_2024
  ✓  ERROR: No chunks matched focus 'market_definition'. Try --inspect-chunks to see available section labels.
[101/2161  5%]  eu_anglo_american_teck_2026
  ✓  ERROR: No chunks matched focus 'market_definition'. Try --inspect-chunks to see available section labels.
[102/2161  5%]  eu_antin_subsidiaries_of_lusat_air_2025
  ✓  ERROR: No chunks matched focus 'market_definition'. Try --inspect-chunks to see available section labels.
[103/2161  5%]  eu_ap_lgp_green_epic_topco_2025
  ✓  ERROR: No chunks matched focus 'market_definition'. Try --inspect-chunks to see available section labels.
[104/2161  5%]  eu_ap_lutech_2021
  ✓  ERROR: No chunks matched focus 'market_definition'. Try --inspect-chunks to see available section labels.
[105/2161  5%]  eu_apax_partners_fremman_partners_chacrim_directorship_2023
  ✓  ERROR: No chunks matched focus 'market_definition'. Try --inspect-chunks to see available section labels.
[106/2161  5%]  eu_apax_partners_norva24_group_2025
  ✓  ERROR: No chunks matched focus 'market_definition'. Try --inspect-chunks to see available section labels.
[107/2161  5%]  eu_aperam_elg_haniel_2021
  ✓  Product markets:  7
[108/2161  5%]  eu_apg_asset_management_stonepeak_eunetworks_2024
  ✓  ERROR: No chunks matched focus 'market_definition'. Try --inspect-chunks to see available section labels.
[109/2161  5%]  eu_apg_corsica_sole_mirova_2023
  ✓  ERROR: No chunks matched focus 'market_definition'. Try --inspect-chunks to see available section labels.
[110/2161  5%]  eu_apg_macquarie_skynrg_2025
  ✓  ERROR: No chunks matched focus 'market_definition'. Try --inspect-chunks to see available section labels.
[111/2161  5%]  eu_apg_platinum_compass_ina_2023
  ✓  ERROR: No chunks matched focus 'market_definition'. Try --inspect-chunks to see available section labels.
[112/2161  5%]  eu_apg_rep_pimco_pre_omgh_jv_2025
  ✓  Product markets:  6
[113/2161  5%]  eu_apheon_lfpi_ech_2024
  ✓  ERROR: No chunks matched focus 'market_definition'. Try --inspect-chunks to see available section labels.
[114/2161  5%]  eu_apmc_byc_berge_infraestructuras_y_servi_2025
  ✓  ERROR: No chunks matched focus 'market_definition'. Try --inspect-chunks to see available section labels.
[115/2161  5%]  eu_apmh_invest_unilabs_2022
  ✓  ERROR: No chunks matched focus 'market_definition'. Try --inspect-chunks to see available section labels.
[116/2161  5%]  eu_apollo_applus_2023
  ✓  ERROR: No chunks matched focus 'market_definition'. Try --inspect-chunks to see available section labels.
[117/2161  5%]  eu_apollo_atlas_air_worldwide_holdings_2023
  ✓  ERROR: No chunks matched focus 'market_definition'. Try --inspect-chunks to see available section labels.
[118/2161  5%]  eu_apollo_barnes_group_2025
  ✓  ERROR: No chunks matched focus 'market_definition'. Try --inspect-chunks to see available section labels.
[119/2161  5%]  eu_apollo_capital_management_schur_flexibles_group_2022
  ✓  ERROR: No chunks matched focus 'market_definition'. Try --inspect-chunks to see available section labels.
[120/2161  5%]  eu_apollo_clessidra_human_company_2024
  ✓  ERROR: No chunks matched focus 'market_definition'. Try --inspect-chunks to see available section labels.
[121/2161  6%]  eu_apollo_cpp_investments_novolex_2025
  ✓  ERROR: No chunks matched focus 'market_definition'. Try --inspect-chunks to see available section labels.
[122/2161  6%]  eu_apollo_didavid_tradeinn_2025
  ✓  ERROR: No chunks matched focus 'market_definition'. Try --inspect-chunks to see available section labels.
[123/2161  6%]  eu_apollo_funds_club_atltico_de_madrid_2026
  ✓  ERROR: No chunks matched focus 'market_definition'. Try --inspect-chunks to see available section labels.
[124/2161  6%]  eu_apollo_funds_kelvion_group_2025
  ✓  ERROR: No chunks matched focus 'market_definition'. Try --inspect-chunks to see available section labels.
[125/2161  6%]  eu_apollo_funds_lecta_2026
  ✓  ERROR: No chunks matched focus 'market_definition'. Try --inspect-chunks to see available section labels.
[126/2161  6%]  eu_apollo_funds_prosol_group_2026
  ✓  ERROR: No chunks matched focus 'market_definition'. Try --inspect-chunks to see available section labels.
[127/2161  6%]  eu_apollo_hines_viba_2022
  ✓  ERROR: No chunks matched focus 'market_definition'. Try --inspect-chunks to see available section labels.
[128/2161  6%]  eu_apollo_management_arconic_2023
  ✓  ERROR: No chunks matched focus 'market_definition'. Try --inspect-chunks to see available section labels.
[129/2161  6%]  eu_apollo_management_bank_and_acquirers_internation_2022
  ✓  ERROR: No chunks matched focus 'market_definition'. Try --inspect-chunks to see available section labels.
[130/2161  6%]  eu_apollo_management_bc_partners_petsmart_2023
  ✓  ERROR: No chunks matched focus 'market_definition'. Try --inspect-chunks to see available section labels.
[131/2161  6%]  eu_apollo_management_k1_group_2021
  ✓  ERROR: No chunks matched focus 'market_definition'. Try --inspect-chunks to see available section labels.
[132/2161  6%]  eu_apollo_management_primafrio_candidate_case_for_s_2022
  ✓  ERROR: No chunks matched focus 'market_definition'. Try --inspect-chunks to see available section labels.
[133/2161  6%]  eu_apollo_management_tenneco_2022
  ✓  Product markets:  3
[134/2161  6%]  eu_apollo_missguided_2022
  ✓  ERROR: No chunks matched focus 'market_definition'. Try --inspect-chunks to see available section labels.
[135/2161  6%]  eu_apollo_panasonic_automotive_systems_2024
  ✓  ERROR: No chunks matched focus 'market_definition'. Try --inspect-chunks to see available section labels.
[136/2161  6%]  eu_apollo_platinum_falcon_univar_2023
  ✓  ERROR: No chunks matched focus 'market_definition'. Try --inspect-chunks to see available section labels.
[137/2161  6%]  eu_apollo_purmo_2024
  ✓  ERROR: No chunks matched focus 'market_definition'. Try --inspect-chunks to see available section labels.
[138/2161  6%]  eu_applied_temasek_jv_2022
  ✓  ERROR: No chunks matched focus 'market_definition'. Try --inspect-chunks to see available section labels.
[139/2161  6%]  eu_aramco_digital_ltimindtree_jv_2024
  ✓  ERROR: No chunks matched focus 'market_definition'. Try --inspect-chunks to see available section labels.
[140/2161  6%]  eu_aramco_overseas_company_bp_europa_lotos_air_bp_polska_2022
  ✓  ERROR: No chunks matched focus 'market_definition'. Try --inspect-chunks to see available section labels.
[141/2161  6%]  eu_aramco_overseas_company_lotos_spv_1_2022
  ✓  Product markets:  2
[142/2161  6%]  eu_arcelik_whirlpool_emea_mda_2023
  ✓  Product markets:  5
[143/2161  7%]  eu_arcelormittal_amcln_2026
  ✓  ERROR: No chunks matched focus 'market_definition'. Try --inspect-chunks to see available section labels.
[144/2161  7%]  eu_archer_daniels_midland_signapo_clyde_investments_2022
  ✓  ERROR: No chunks matched focus 'market_definition'. Try --inspect-chunks to see available section labels.
[145/2161  7%]  eu_arcmont_hps_dainese_2025
  ✓  ERROR: No chunks matched focus 'market_definition'. Try --inspect-chunks to see available section labels.
[146/2161  7%]  eu_ardian_attero_2023
  ✓  ERROR: No chunks matched focus 'market_definition'. Try --inspect-chunks to see available section labels.
[147/2161  7%]  eu_ardian_dedalus_healthcare_systems_2024
  ✓  ERROR: No chunks matched focus 'market_definition'. Try --inspect-chunks to see available section labels.
[148/2161  7%]  eu_ardian_energia_2026
  ✓  ERROR: No chunks matched focus 'market_definition'. Try --inspect-chunks to see available section labels.
[149/2161  7%]  eu_ardian_fih_milione_2026
  ✓  ERROR: No chunks matched focus 'market_definition'. Try --inspect-chunks to see available section labels.
[150/2161  7%]  eu_ardian_qh_fgp_2024
  ✓  ERROR: No chunks matched focus 'market_definition'. Try --inspect-chunks to see available section labels.
[151/2161  7%]  eu_ares_gcp_2025
  ✓  ERROR: No chunks matched focus 'market_definition'. Try --inspect-chunks to see available section labels.
[152/2161  7%]  eu_ares_macquarie_data_realty_group_2025
  ✓  ERROR: No chunks matched focus 'market_definition'. Try --inspect-chunks to see available section labels.
[153/2161  7%]  eu_ares_onex_founder_2022
  ✓  ERROR: No chunks matched focus 'market_definition'. Try --inspect-chunks to see available section labels.
[154/2161  7%]  eu_armira_invest_kg_aviloo_2026
  ✓  ERROR: No chunks matched focus 'market_definition'. Try --inspect-chunks to see available section labels.
[155/2161  7%]  eu_arp_gri_jv_2023
  ✓  ERROR: No chunks matched focus 'market_definition'. Try --inspect-chunks to see available section labels.
[156/2161  7%]  eu_arrow_global_iqera_2025
  ✓  ERROR: No chunks matched focus 'market_definition'. Try --inspect-chunks to see available section labels.
[157/2161  7%]  eu_asahi_kasei_mitsui_chemicals_jv_2023
  ✓  ERROR: No chunks matched focus 'market_definition'. Try --inspect-chunks to see available section labels.
[158/2161  7%]  eu_aspo_op_esl_2024
  ✓  ERROR: No chunks matched focus 'market_definition'. Try --inspect-chunks to see available section labels.
[159/2161  7%]  eu_astara_mobility_nissan_austria_nissan_poland_candidate_case_f_2023
  ✓  ERROR: No chunks matched focus 'market_definition'. Try --inspect-chunks to see available section labels.
[160/2161  7%]  eu_astara_western_europe_mitsubishi_corporation_isuzu_motors_limited_2022
  ✓  ERROR: No chunks matched focus 'market_definition'. Try --inspect-chunks to see available section labels.
[161/2161  7%]  eu_asterion_f2i_2i_aeroporti_2024
  ✓  ERROR: No chunks matched focus 'market_definition'. Try --inspect-chunks to see available section labels.
[162/2161  7%]  eu_asterion_steag_group_2023
  ✓  ERROR: No chunks matched focus 'market_definition'. Try --inspect-chunks to see available section labels.
[163/2161  7%]  eu_astrazeneca_alexion_pharmaceuticals_2021
  ✓  Product markets:  4
[164/2161  7%]  eu_athora_axa_customer_solutions_2022
  ✓  ERROR: No chunks matched focus 'market_definition'. Try --inspect-chunks to see available section labels.
[165/2161  8%]  eu_atlantia_yunex_2022
  ✓  ERROR: No chunks matched focus 'market_definition'. Try --inspect-chunks to see available section labels.
[166/2161  8%]  eu_atlas_arteria_otpp_skyway_concession_company_2022
  ✓  ERROR: No chunks matched focus 'market_definition'. Try --inspect-chunks to see available section labels.
[167/2161  8%]  eu_atlas_rehau_automotive_2025
  ✓  ERROR: No chunks matched focus 'market_definition'. Try --inspect-chunks to see available section labels.
[168/2161  8%]  eu_audi_qatar_holding_sauber_holding_2025
  ✓  ERROR: No chunks matched focus 'market_definition'. Try --inspect-chunks to see available section labels.
[169/2161  8%]  eu_aunde_group_aunde_cs_aunde_as_2026
  ✓  ERROR: No chunks matched focus 'market_definition'. Try --inspect-chunks to see available section labels.
[170/2161  8%]  eu_aunde_group_tb_tbka_2024
  ✓  ERROR: No chunks matched focus 'market_definition'. Try --inspect-chunks to see available section labels.
[171/2161  8%]  eu_aurelius_daycos_propulsion_solutions_ca_2024
  ✓  ERROR: No chunks matched focus 'market_definition'. Try --inspect-chunks to see available section labels.
[172/2161  8%]  eu_aurelius_exertis_uk_exertis_ireland_2025
  ✓  ERROR: No chunks matched focus 'market_definition'. Try --inspect-chunks to see available section labels.
[173/2161  8%]  eu_aurelius_fiamm_energy_technology_2025
  ✓  ERROR: No chunks matched focus 'market_definition'. Try --inspect-chunks to see available section labels.
[174/2161  8%]  eu_aurelius_investment_lux_seven_sappi_finland_one_sappi_finland_operations_2022
  ✓  ERROR: No chunks matched focus 'market_definition'. Try --inspect-chunks to see available section labels.
[175/2161  8%]  eu_aurelius_landisgyr_emea_2026
  ✓  ERROR: No chunks matched focus 'market_definition'. Try --inspect-chunks to see available section labels.
[176/2161  8%]  eu_aurelius_lernia_2025
  ✓  ERROR: No chunks matched focus 'market_definition'. Try --inspect-chunks to see available section labels.
[177/2161  8%]  eu_aurelius_whats_cooking_savoury_2024
  ✓  ERROR: No chunks matched focus 'market_definition'. Try --inspect-chunks to see available section labels.
[178/2161  8%]  eu_australiansuper_digitalbridge_psp_2023
  ✓  ERROR: No chunks matched focus 'market_definition'. Try --inspect-chunks to see available section labels.
[179/2161  8%]  eu_australiansuper_digitalbridge_swiss_life_2024
  ✓  ERROR: No chunks matched focus 'market_definition'. Try --inspect-chunks to see available section labels.
[180/2161  8%]  eu_avi_atairos_nns_uk_2024
  ✓  ERROR: No chunks matched focus 'market_definition'. Try --inspect-chunks to see available section labels.
[181/2161  8%]  eu_avialliance_aia_2023
  ✓  ERROR: No chunks matched focus 'market_definition'. Try --inspect-chunks to see available section labels.
[182/2161  8%]  eu_aware_dairy_cream_the_dairy_food_group_2025
  ✓  Product markets:  3
[183/2161  8%]  eu_aware_super_abp_dv4_2023
  ✓  ERROR: No chunks matched focus 'market_definition'. Try --inspect-chunks to see available section labels.
[184/2161  8%]  eu_axa_assicurazioni_nobis_2024
  ✓  ERROR: No chunks matched focus 'market_definition'. Try --inspect-chunks to see available section labels.
[185/2161  8%]  eu_axa_im_swiss_life_morrison_co_2022
  ✓  Product markets:  4
[186/2161  9%]  eu_axa_neurone_prima_2025
  ✓  ERROR: No chunks matched focus 'market_definition'. Try --inspect-chunks to see available section labels.
[187/2161  9%]  eu_axa_spain_gacm_spain_2023
  ✓  Product markets:  4
[188/2161  9%]  eu_axel_johnson_dustin_2024
  ✓  ERROR: No chunks matched focus 'market_definition'. Try --inspect-chunks to see available section labels.
[189/2161  9%]  eu_axpo_iberia_acsa_obras_e_infraestructuras_noguera_renovables_2023
  ✓  ERROR: No chunks matched focus 'market_definition'. Try --inspect-chunks to see available section labels.
[190/2161  9%]  eu_az_direct_iptiq_2025
  ✓  ERROR: No chunks matched focus 'market_definition'. Try --inspect-chunks to see available section labels.
[191/2161  9%]  eu_baes_leonardo_jaiec_2025
  ✓  Product markets:  1
[192/2161  9%]  eu_bain_capital_apfarge_whi_2023
  ✓  ERROR: No chunks matched focus 'market_definition'. Try --inspect-chunks to see available section labels.
[193/2161  9%]  eu_bain_capital_apleona_group_2025
  ✓  ERROR: No chunks matched focus 'market_definition'. Try --inspect-chunks to see available section labels.
[194/2161  9%]  eu_bain_capital_bpea_citiustech_2022
  ✓  ERROR: No chunks matched focus 'market_definition'. Try --inspect-chunks to see available section labels.
[195/2161  9%]  eu_bain_capital_caverion_2023
  ✓  ERROR: No chunks matched focus 'market_definition'. Try --inspect-chunks to see available section labels.
[196/2161  9%]  eu_bain_capital_credit_icg_study_group_2025
  ✓  ERROR: No chunks matched focus 'market_definition'. Try --inspect-chunks to see available section labels.
[197/2161  9%]  eu_bain_capital_eleda_group_2024
  ✓  ERROR: No chunks matched focus 'market_definition'. Try --inspect-chunks to see available section labels.
[198/2161  9%]  eu_bain_capital_hellman_friedman_athenahealth_group_2022
  ✓  ERROR: No chunks matched focus 'market_definition'. Try --inspect-chunks to see available section labels.
[199/2161  9%]  eu_bain_capital_house_of_hr_2022
  ✓  ERROR: No chunks matched focus 'market_definition'. Try --inspect-chunks to see available section labels.
[200/2161  9%]  eu_bain_capital_inetum_2022
  ✓  ERROR: No chunks matched focus 'market_definition'. Try --inspect-chunks to see available section labels.
[201/2161  9%]  eu_bain_capital_itp_aero_2021
  ✓  ERROR: No chunks matched focus 'market_definition'. Try --inspect-chunks to see available section labels.
[202/2161  9%]  eu_bain_capital_kohlberg_pci_pharma_group_2025
  ✓  ERROR: No chunks matched focus 'market_definition'. Try --inspect-chunks to see available section labels.
[203/2161  9%]  eu_bain_capital_mcj_2026
  ✓  ERROR: No chunks matched focus 'market_definition'. Try --inspect-chunks to see available section labels.
[204/2161  9%]  eu_bain_capital_outsourcing_2024
  ✓  ERROR: No chunks matched focus 'market_definition'. Try --inspect-chunks to see available section labels.
[205/2161  9%]  eu_bain_capital_tingstad_group_2026
  ✓  ERROR: No chunks matched focus 'market_definition'. Try --inspect-chunks to see available section labels.
[206/2161  9%]  eu_bam_mainova_mainova_webhouse_2024
  ✓  ERROR: No chunks matched focus 'market_definition'. Try --inspect-chunks to see available section labels.
[207/2161  9%]  eu_banca_cf_banca_sistema_2025
  ✓  ERROR: No chunks matched focus 'market_definition'. Try --inspect-chunks to see available section labels.
[208/2161  10%]  eu_baosteel_baowu_aluminum_kobelco_2024
  ✓  ERROR: No chunks matched focus 'market_definition'. Try --inspect-chunks to see available section labels.
[209/2161  10%]  eu_baosteel_mitsui_jv_2024
  ✓  ERROR: No chunks matched focus 'market_definition'. Try --inspect-chunks to see available section labels.
[210/2161  10%]  eu_baosteel_saudi_aramco_pif_2023
  ✓  ERROR: No chunks matched focus 'market_definition'. Try --inspect-chunks to see available section labels.
[211/2161  10%]  eu_basf_harbour_energy_assets_of_wintershall_dea_2024
  ✓  ERROR: No chunks matched focus 'market_definition'. Try --inspect-chunks to see available section labels.
[212/2161  10%]  eu_baxter_hillrom_2021
  ✓  ERROR: No chunks matched focus 'market_definition'. Try --inspect-chunks to see available section labels.
[213/2161  10%]  eu_baywa_nufri_nuba_berries_jv_2024
  ✓  ERROR: No chunks matched focus 'market_definition'. Try --inspect-chunks to see available section labels.
[214/2161  10%]  eu_bbc_itv_channel_4_2021
  ✓  ERROR: No chunks matched focus 'market_definition'. Try --inspect-chunks to see available section labels.
[215/2161  10%]  eu_bc_partners_biogaran_2025
  ✓  ERROR: No chunks matched focus 'market_definition'. Try --inspect-chunks to see available section labels.
[216/2161  10%]  eu_bc_partners_vista_equity_partners_eab_global_2021
  ✓  ERROR: No chunks matched focus 'market_definition'. Try --inspect-chunks to see available section labels.
[217/2161  10%]  eu_bci_brookfield_gcm_grosvenor_2025
  ✓  ERROR: No chunks matched focus 'market_definition'. Try --inspect-chunks to see available section labels.
[218/2161  10%]  eu_bci_brookfield_nbim_2026
  ✓  ERROR: No chunks matched focus 'market_definition'. Try --inspect-chunks to see available section labels.
[219/2161  10%]  eu_bci_ethos_otpp_2025
  ✓  ERROR: No chunks matched focus 'market_definition'. Try --inspect-chunks to see available section labels.
[220/2161  10%]  eu_bci_psp_monterey_mushrooms_2025
  ✓  ERROR: No chunks matched focus 'market_definition'. Try --inspect-chunks to see available section labels.
[221/2161  10%]  eu_bci_scp_aoa_2024
  ✓  ERROR: No chunks matched focus 'market_definition'. Try --inspect-chunks to see available section labels.
[222/2161  10%]  eu_bdt_capital_partners_mw_group_exyte_2023
  ✓  ERROR: No chunks matched focus 'market_definition'. Try --inspect-chunks to see available section labels.
[223/2161  10%]  eu_bdt_lgp_promach_2023
  ✓  ERROR: No chunks matched focus 'market_definition'. Try --inspect-chunks to see available section labels.
[224/2161  10%]  eu_bdt_sofima_holdings_sofima_2023
  ✓  ERROR: No chunks matched focus 'market_definition'. Try --inspect-chunks to see available section labels.
[225/2161  10%]  eu_bellis_kkr_jaja_2021
  ✓  ERROR: No chunks matched focus 'market_definition'. Try --inspect-chunks to see available section labels.
[226/2161  10%]  eu_benteler_beijing_automotive_jvs_2023
  ✓  ERROR: No chunks matched focus 'market_definition'. Try --inspect-chunks to see available section labels.
[227/2161  10%]  eu_berkshire_alleghany_2022
  ✓  ERROR: No chunks matched focus 'market_definition'. Try --inspect-chunks to see available section labels.
[228/2161  10%]  eu_berkshire_partners_gtcr_point_broadband_2023
  ✓  ERROR: No chunks matched focus 'market_definition'. Try --inspect-chunks to see available section labels.
[229/2161  11%]  eu_bfm_sp_brasol_2023
  ✓  ERROR: No chunks matched focus 'market_definition'. Try --inspect-chunks to see available section labels.
[230/2161  11%]  eu_bgtf_renewable_holdings_acek_benjumea_family_2022
  ✓  ERROR: No chunks matched focus 'market_definition'. Try --inspect-chunks to see available section labels.
[231/2161  11%]  eu_bhc_dussur_baker_petrolite_saudi_company__2022
  ✓  ERROR: No chunks matched focus 'market_definition'. Try --inspect-chunks to see available section labels.
[232/2161  11%]  eu_bilfinger_stork_europe_2024
  ✓  Product markets:  4
[233/2161  11%]  eu_biomarin_pharmaceutical_amicus_therapeutics_2026
  ✓  ERROR: No chunks matched focus 'market_definition'. Try --inspect-chunks to see available section labels.
[234/2161  11%]  eu_biscuit_holding_continental_bakeries_holding_2022
  ✓  Product markets:  4
[235/2161  11%]  eu_black_diamond_specialty_chemicals_internatio_2021
  ✓  ERROR: No chunks matched focus 'market_definition'. Try --inspect-chunks to see available section labels.
[236/2161  11%]  eu_blackrock_att_gigapower_2023
  ✓  ERROR: No chunks matched focus 'market_definition'. Try --inspect-chunks to see available section labels.
[237/2161  11%]  eu_blackrock_canadian_solar_recurrent_energy_candidate_cas_2024
  ✓  ERROR: No chunks matched focus 'market_definition'. Try --inspect-chunks to see available section labels.
[238/2161  11%]  eu_blackrock_gim_2024
  ✓  ERROR: No chunks matched focus 'market_definition'. Try --inspect-chunks to see available section labels.
[239/2161  11%]  eu_blackrock_grasim_abren_2026
  ✓  ERROR: No chunks matched focus 'market_definition'. Try --inspect-chunks to see available section labels.
[240/2161  11%]  eu_blackrock_hps_2025
  ✓  ERROR: No chunks matched focus 'market_definition'. Try --inspect-chunks to see available section labels.
[241/2161  11%]  eu_blackrock_mubadala_goldman_sachs_2023
  ✓  ERROR: No chunks matched focus 'market_definition'. Try --inspect-chunks to see available section labels.
[242/2161  11%]  eu_blackrock_vitronet_2025
  ✓  ERROR: No chunks matched focus 'market_definition'. Try --inspect-chunks to see available section labels.
[243/2161  11%]  eu_blackstone_amtrust_mga_business_candidate_case_fo_2025
  ✓  ERROR: No chunks matched focus 'market_definition'. Try --inspect-chunks to see available section labels.
[244/2161  11%]  eu_blackstone_carlyle_goldman_sachs_2022
  ✓  ERROR: No chunks matched focus 'market_definition'. Try --inspect-chunks to see available section labels.
[245/2161  11%]  eu_blackstone_cdpq_invenergy_2023
  ✓  ERROR: No chunks matched focus 'market_definition'. Try --inspect-chunks to see available section labels.
[246/2161  11%]  eu_blackstone_emerson_hvac_and_refrigeration_2023
  ✓  ERROR: No chunks matched focus 'market_definition'. Try --inspect-chunks to see available section labels.
[247/2161  11%]  eu_blackstone_interplex_2022
  ✓  ERROR: No chunks matched focus 'market_definition'. Try --inspect-chunks to see available section labels.
[248/2161  11%]  eu_blackstone_invenergy_irh_cdpq_2024
  ✓  ERROR: No chunks matched focus 'market_definition'. Try --inspect-chunks to see available section labels.
[249/2161  11%]  eu_blackstone_mdp_air_control_concepts_holdings_2024
  ✓  ERROR: No chunks matched focus 'market_definition'. Try --inspect-chunks to see available section labels.
[250/2161  11%]  eu_blackstone_rivean_esdec_solar_group_2022
  ✓  ERROR: No chunks matched focus 'market_definition'. Try --inspect-chunks to see available section labels.
[251/2161  12%]  eu_blackstone_stone_point_allied_2024
  ✓  ERROR: No chunks matched focus 'market_definition'. Try --inspect-chunks to see available section labels.
[252/2161  12%]  eu_blackstone_tinicum_pennaero_2026
  ✓  ERROR: No chunks matched focus 'market_definition'. Try --inspect-chunks to see available section labels.
[253/2161  12%]  eu_blackstone_tpg_hologic_2026
  ✓  ERROR: No chunks matched focus 'market_definition'. Try --inspect-chunks to see available section labels.
[254/2161  12%]  eu_blackstone_vista_adapt2_2024
  ✓  ERROR: No chunks matched focus 'market_definition'. Try --inspect-chunks to see available section labels.
[255/2161  12%]  eu_blackstone_vista_campuslogic_holdings_2022
  ✓  ERROR: No chunks matched focus 'market_definition'. Try --inspect-chunks to see available section labels.
[256/2161  12%]  eu_blackstone_vista_energy_exemplar_2024
  ✓  ERROR: No chunks matched focus 'market_definition'. Try --inspect-chunks to see available section labels.
[257/2161  12%]  eu_blackstone_warburg_pincus_intrafi_group_2022
  ✓  ERROR: No chunks matched focus 'market_definition'. Try --inspect-chunks to see available section labels.
[258/2161  12%]  eu_blackstone_winthrop_technologies_2024
  ✓  ERROR: No chunks matched focus 'market_definition'. Try --inspect-chunks to see available section labels.
[259/2161  12%]  eu_bme_saintgobain_distribution_the_n_2021
  ✓  Product markets:  4
[260/2161  12%]  eu_bmf_uniper_2022
  ✓  ERROR: No chunks matched focus 'market_definition'. Try --inspect-chunks to see available section labels.
[261/2161  12%]  eu_bmhc_ald_jv_2023
  ✓  ERROR: No chunks matched focus 'market_definition'. Try --inspect-chunks to see available section labels.
[262/2161  12%]  eu_bmwe_kfw_transtennet_2026
  ✓  ERROR: No chunks matched focus 'market_definition'. Try --inspect-chunks to see available section labels.
[263/2161  12%]  eu_bmwe_mof_nds_meyer_germany_ii_2025
  ✓  ERROR: No chunks matched focus 'market_definition'. Try --inspect-chunks to see available section labels.
[264/2161  12%]  eu_bmwe_rdg_and_rn_rm_2026
  ✓  ERROR: No chunks matched focus 'market_definition'. Try --inspect-chunks to see available section labels.
[265/2161  12%]  eu_bmwk_mof_nds_meyer_germany_2024
  ✓  ERROR: No chunks matched focus 'market_definition'. Try --inspect-chunks to see available section labels.
[266/2161  12%]  eu_bmwk_sefe_2022
  ✓  ERROR: No chunks matched focus 'market_definition'. Try --inspect-chunks to see available section labels.
[267/2161  12%]  eu_bnp_paribas_caceis_jv_2022
  ✗  TypeError: unhashable type: 'dict'
[268/2161  12%]  eu_bnp_paribas_cardif_bcc_vita_candidate_case_for_si_2024
  ✓  ERROR: No chunks matched focus 'market_definition'. Try --inspect-chunks to see available section labels.
[269/2161  12%]  eu_bnp_paribas_fortis_matexi_r2o_jv_2023
  ✓  ERROR: No chunks matched focus 'market_definition'. Try --inspect-chunks to see available section labels.
[270/2161  12%]  eu_bnp_paribas_stellantis_pcdf_assets_2022
  ✓  ERROR: No chunks matched focus 'market_definition'. Try --inspect-chunks to see available section labels.
[271/2161  12%]  eu_bnp_paribas_terberg_business_lease_group_2022
  ✓  ERROR: No chunks matched focus 'market_definition'. Try --inspect-chunks to see available section labels.
[272/2161  12%]  eu_bnpp_axa_im_2025
  ✓  ERROR: No chunks matched focus 'market_definition'. Try --inspect-chunks to see available section labels.
[273/2161  12%]  eu_bnpp_cardif_neuflize_vie_2024
  ✓  ERROR: No chunks matched focus 'market_definition'. Try --inspect-chunks to see available section labels.
[274/2161  13%]  eu_bnppf_bpost_bank_2021
  ✓  ERROR: No chunks matched focus 'market_definition'. Try --inspect-chunks to see available section labels.
[275/2161  13%]  eu_boeing_spirit_2025
  ✓  Product markets:  11
[276/2161  13%]  eu_boliden_zinkgruvan_somincor_2025
  ✓  ERROR: No chunks matched focus 'market_definition'. Try --inspect-chunks to see available section labels.
[277/2161  13%]  eu_boparan_heidemark_2026
  ✓  ERROR: No chunks matched focus 'market_definition'. Try --inspect-chunks to see available section labels.
[278/2161  13%]  eu_bouygues_equans_2022
  ✓  Product markets:  9
[279/2161  13%]  eu_bp_adnoc_jv_2024
  ✓  ERROR: No chunks matched focus 'market_definition'. Try --inspect-chunks to see available section labels.
[280/2161  13%]  eu_bp_corteva_jv_2025
  ✓  ERROR: No chunks matched focus 'market_definition'. Try --inspect-chunks to see available section labels.
[281/2161  13%]  eu_bp_equinor_net_zero_north_sea_storage_jv_2024
  ✓  ERROR: No chunks matched focus 'market_definition'. Try --inspect-chunks to see available section labels.
[282/2161  13%]  eu_bpce_novo_banco_2025
  ✓  ERROR: No chunks matched focus 'market_definition'. Try --inspect-chunks to see available section labels.
[283/2161  13%]  eu_bpce_sgef_2024
  ✓  ERROR: No chunks matched focus 'market_definition'. Try --inspect-chunks to see available section labels.
[284/2161  13%]  eu_bpost_staci_2024
  ✓  Product markets:  2
[285/2161  13%]  eu_brf_hpdc_one_foods_2026
  ✓  ERROR: No chunks matched focus 'market_definition'. Try --inspect-chunks to see available section labels.
[286/2161  13%]  eu_bridgepoint_bain_capital_credit_native_instruments_group_2025
  ✓  ERROR: No chunks matched focus 'market_definition'. Try --inspect-chunks to see available section labels.
[287/2161  13%]  eu_bridgepoint_nexity_lamy_and_oralia_partena_2024
  ✓  ERROR: No chunks matched focus 'market_definition'. Try --inspect-chunks to see available section labels.
[288/2161  13%]  eu_bridgepoint_polaris_management_pdsvision_2026
  ✓  ERROR: No chunks matched focus 'market_definition'. Try --inspect-chunks to see available section labels.
[289/2161  13%]  eu_bridgepoint_windar_2023
  ✓  ERROR: No chunks matched focus 'market_definition'. Try --inspect-chunks to see available section labels.
[290/2161  13%]  eu_britannic_strategies_getec_energie_2024
  ✓  ERROR: No chunks matched focus 'market_definition'. Try --inspect-chunks to see available section labels.
[291/2161  13%]  eu_brookfield_cameco_westinghouse_2023
  ✓  Product markets:  6
[292/2161  13%]  eu_brookfield_castlelake_aggregator_castlelake_2024
  ✓  ERROR: No chunks matched focus 'market_definition'. Try --inspect-chunks to see available section labels.
[293/2161  13%]  eu_brookfield_homeserve_plc_2022
  ✓  ERROR: No chunks matched focus 'market_definition'. Try --inspect-chunks to see available section labels.
[294/2161  13%]  eu_brookfield_jindal_group_jindal_plastic_films_business_2022
  ✓  ERROR: No chunks matched focus 'market_definition'. Try --inspect-chunks to see available section labels.
[295/2161  14%]  eu_brookfield_oaktree_2026
  ✓  ERROR: No chunks matched focus 'market_definition'. Try --inspect-chunks to see available section labels.
[296/2161  14%]  eu_brookfield_otpp_compass_2023
  ✓  ERROR: No chunks matched focus 'market_definition'. Try --inspect-chunks to see available section labels.
[297/2161  14%]  eu_brookfield_schoeller_allibert_2023
  ✓  ERROR: No chunks matched focus 'market_definition'. Try --inspect-chunks to see available section labels.
[298/2161  14%]  eu_brookfield_telia_company_telia_towers_sweden_2022
  ✓  ERROR: No chunks matched focus 'market_definition'. Try --inspect-chunks to see available section labels.
[299/2161  14%]  eu_brookfield_triton_2023
  ✓  ERROR: No chunks matched focus 'market_definition'. Try --inspect-chunks to see available section labels.
[300/2161  14%]  eu_brose_sitech_proseat_2025
  ✓  ERROR: No chunks matched focus 'market_definition'. Try --inspect-chunks to see available section labels.
[301/2161  14%]  eu_bsa_lactalis_ambrosi_2023
  ✓  Product markets:  17
[302/2161  14%]  eu_buckland_hy24_investor_ice_candidate_case_for_simplif_2024
  ✓  ERROR: No chunks matched focus 'market_definition'. Try --inspect-chunks to see available section labels.
[303/2161  14%]  eu_bunge_sc_frich_envol_sc_one_2023
  ✓  ERROR: No chunks matched focus 'market_definition'. Try --inspect-chunks to see available section labels.
[304/2161  14%]  eu_bunge_viterra_2024
  ✓  Product markets:  26
[305/2161  14%]  eu_bwgi_verallia_2025
  ✓  ERROR: No chunks matched focus 'market_definition'. Try --inspect-chunks to see available section labels.
[306/2161  14%]  eu_caceis_rbc_investor_services_bank_rbc_offshore_fund_managers_2023
  ✓  Product markets:  4
[307/2161  14%]  eu_cacf_stellantis_fca_bank_2022
  ✓  Product markets:  12
[308/2161  14%]  eu_caf_coradia_polyvalent_business_talent_3_business_2022
  ✓  Product markets:  8
[309/2161  14%]  eu_cai_banque_degroof_petercam_2023
  ✓  ERROR: No chunks matched focus 'market_definition'. Try --inspect-chunks to see available section labels.
[310/2161  14%]  eu_capital_maritime_fortress_hayfin_2026
  ✓  ERROR: No chunks matched focus 'market_definition'. Try --inspect-chunks to see available section labels.
[311/2161  14%]  eu_capvest_natra_2022
  ✓  ERROR: No chunks matched focus 'market_definition'. Try --inspect-chunks to see available section labels.
[312/2161  14%]  eu_capvest_stada_group_2025
  ✓  ERROR: No chunks matched focus 'market_definition'. Try --inspect-chunks to see available section labels.
[313/2161  14%]  eu_capvest_tsg_2026
  ✓  ERROR: No chunks matched focus 'market_definition'. Try --inspect-chunks to see available section labels.
[314/2161  14%]  eu_carlsberg_britvic_2024
  ✓  Product markets:  8
[315/2161  14%]  eu_carlyle_altadia_2022
  ✓  Product markets:  2
[316/2161  14%]  eu_carlyle_garnica_2022
  ✓  ERROR: No chunks matched focus 'market_definition'. Try --inspect-chunks to see available section labels.
Run ID:   eu_20260612_212451
Provider: gemini

Index entries:    2342
  Skippable:      181  (phase2 / no pdf / already canonical)
  To extract:     2161
  Already done:   341
  Pending:        1820

[344/2161  16%]  eu_amd_zt_2025
  ✓  RESULT: PASS with 1 warning(s) — review before promoting
[345/2161  16%]  eu_bnp_paribas_caceis_jv_2022
  ✓  RESULT: PASS with 2 warning(s) — review before promoting
[346/2161  16%]  eu_celanese_dupont_mobility_amp_materials__2022
  ✓  RESULT: PASS with 2 warning(s) — review before promoting
[347/2161  16%]  eu_cement_australia_bgc_cementitious_2025
  —  RESULT: SKIP — simplified procedure / no market-analysis sections (2 pages)
[348/2161  16%]  eu_centerbridge_banca_progetto_2024
  —  RESULT: SKIP — simplified procedure / no market-analysis sections (2 pages)
[349/2161  16%]  eu_central_berlin_property_2024
  —  RESULT: SKIP — simplified procedure / no market-analysis sections (2 pages)
[350/2161  16%]  eu_central_group_carschhaus_2025
  —  RESULT: SKIP — simplified procedure / no market-analysis sections (2 pages)
[351/2161  16%]  eu_central_selfridges_2023
  —  RESULT: SKIP — simplified procedure / no market-analysis sections (2 pages)
[352/2161  16%]  eu_central_signa_selfridges_2022
  —  RESULT: SKIP — simplified procedure / no market-analysis sections (2 pages)
[353/2161  16%]  eu_centrica_bridgepoint_grain_2025
  —  RESULT: SKIP — simplified procedure / no market-analysis sections (2 pages)
[354/2161  16%]  eu_cepsa_boh_bwt_2023
  —  RESULT: SKIP — simplified procedure / no market-analysis sections (2 pages)
[355/2161  16%]  eu_cerberus_hbce_french_retail_banking_2022
  —  RESULT: SKIP — simplified procedure / no market-analysis sections (2 pages)
[356/2161  16%]  eu_cerberus_velobank_2024
  —  RESULT: SKIP — simplified procedure / no market-analysis sections (2 pages)
[357/2161  16%]  eu_certas_engie_solutions_ssec_jv_2022
  —  RESULT: SKIP — simplified procedure / no market-analysis sections (2 pages)
[358/2161  16%]  eu_ceva_logistics_fnac_darty_jv_2023
  —  RESULT: SKIP — simplified procedure / no market-analysis sections (2 pages)
[359/2161  16%]  eu_cez_bci_czech_gas_networks_jv_2024
  ✓  RESULT: PASS with 2 warning(s) — review before promoting
[360/2161  17%]  eu_channel_5_bbc_itv_2021
  —  RESULT: SKIP — simplified procedure / no market-analysis sections (2 pages)
[361/2161  17%]  eu_charlesbank_nordic_capital_tecomet_2026
  —  RESULT: SKIP — simplified procedure / no market-analysis sections (2 pages)
[362/2161  17%]  eu_chemours_international_fumatech_jv_2023
  —  RESULT: SKIP — simplified procedure / no market-analysis sections (2 pages)
[363/2161  17%]  eu_chequers_fremman_groupe_bertin_2026
  —  RESULT: SKIP — simplified procedure / no market-analysis sections (2 pages)
[364/2161  17%]  eu_chevron_neste_base_oil_2022
  ✓  RESULT: PASS with 2 warning(s) — review before promoting
[365/2161  17%]  eu_chevron_renewable_energy_group_2022
  —  RESULT: SKIP — simplified procedure / no market-analysis sections (2 pages)
[366/2161  17%]  eu_cimic_group_sojitz_ugl_rail_services_2025
  —  RESULT: SKIP — simplified procedure / no market-analysis sections (2 pages)
[367/2161  17%]  eu_cintra_abertis_itinere_2023
  ✓  RESULT: PASS with 2 warning(s) — review before promoting
[368/2161  17%]  eu_cinven_aise_fressnapf_2024
  ✓  RESULT: PASS with 2 warning(s) — review before promoting
[369/2161  17%]  eu_cinven_alter_domus_2024
  —  RESULT: SKIP — simplified procedure / no market-analysis sections (2 pages)
[370/2161  17%]  eu_cinven_amara_2023
  —  RESULT: SKIP — simplified procedure / no market-analysis sections (2 pages)
[371/2161  17%]  eu_cinven_barentz_2024
  —  RESULT: SKIP — simplified procedure / no market-analysis sections (2 pages)
[372/2161  17%]  eu_cinven_idealista_2024
  —  RESULT: SKIP — simplified procedure / no market-analysis sections (2 pages)
[373/2161  17%]  eu_cinven_mbcc_divestment_business_2023
  —  RESULT: SKIP — simplified procedure / no market-analysis sections (2 pages)
[374/2161  17%]  eu_cinven_synlab_2023
  —  RESULT: SKIP — simplified procedure / no market-analysis sections (2 pages)
[375/2161  17%]  eu_cinven_vii_otpp_groupone_2023
  —  RESULT: SKIP — simplified procedure / no market-analysis sections (2 pages)
[376/2161  17%]  eu_cinven_vitamin_well_companies_2024
  —  RESULT: SKIP — simplified procedure / no market-analysis sections (2 pages)
[377/2161  17%]  eu_cinven_zurich_sander_vermgensverwaltu_2022
  —  RESULT: SKIP — simplified procedure / no market-analysis sections (2 pages)
[378/2161  17%]  eu_cip_miescor_phpl_2024
  —  RESULT: SKIP — simplified procedure / no market-analysis sections (2 pages)
[379/2161  17%]  eu_circle_k_schibsted_elton_mobility_2023
  —  RESULT: SKIP — simplified procedure / no market-analysis sections (2 pages)
[380/2161  17%]  eu_cisco_splunk_2024
  ✓  RESULT: PASS with 2 warning(s) — review before promoting
[381/2161  17%]  eu_cka_cki_ukpn_2021
  —  RESULT: SKIP — simplified procedure / no market-analysis sections (2 pages)
[382/2161  18%]  eu_cki_cka_phoenix_energy_2024
  —  RESULT: SKIP — simplified procedure / no market-analysis sections (2 pages)
[383/2161  18%]  eu_cki_cka_target_wind_farms_and_assets_2024
  —  RESULT: SKIP — simplified procedure / no market-analysis sections (2 pages)
[384/2161  18%]  eu_clearlake_capital_group_stg_partners_dodge_construction_network_2022
  —  RESULT: SKIP — simplified procedure / no market-analysis sections (2 pages)
[385/2161  18%]  eu_clearlake_dun_bradstreet_2025
  —  RESULT: SKIP — simplified procedure / no market-analysis sections (2 pages)
[386/2161  18%]  eu_clearlake_francisco_partners_software_integrity_group_of_sy_2024
  —  RESULT: SKIP — simplified procedure / no market-analysis sections (2 pages)
[387/2161  18%]  eu_clearlake_insight_alteryx_2024
  —  RESULT: SKIP — simplified procedure / no market-analysis sections (2 pages)
[388/2161  18%]  eu_clearlake_mv_credit_2024
  —  RESULT: SKIP — simplified procedure / no market-analysis sections (2 pages)
[389/2161  18%]  eu_clearlake_ta_associates_ephesoft_2022
  —  RESULT: SKIP — simplified procedure / no market-analysis sections (2 pages)
[390/2161  18%]  eu_cma_cgm_bollore_logistics_2024
  ✓  RESULT: PASS with 2 warning(s) — review before promoting
[391/2161  18%]  eu_cma_cgm_cls_business_2022
  —  RESULT: SKIP — simplified procedure / no market-analysis sections (2 pages)
[392/2161  18%]  eu_cmi_editis_2023
  ✓  RESULT: PASS with 2 warning(s) — review before promoting
[393/2161  18%]  eu_cnp_cva_2022
  —  RESULT: SKIP — simplified procedure / no market-analysis sections (2 pages)
[394/2161  18%]  eu_cobepa_sd_2_holding_2024
  —  RESULT: SKIP — simplified procedure / no market-analysis sections (2 pages)
[395/2161  18%]  eu_cogne_acciai_speciali_mannesmann_stainless_tubes_2024
  —  RESULT: SKIP — simplified procedure / no market-analysis sections (2 pages)
[396/2161  18%]  eu_colt_technology_services_group_lumen_emea_business_2023
  —  RESULT: SKIP — simplified procedure / no market-analysis sections (2 pages)
[397/2161  18%]  eu_comer_nabtescos_hydraulics_business__shanghai_nabtesco_hydraulic_2025
  —  RESULT: SKIP — simplified procedure / no market-analysis sections (2 pages)
[398/2161  18%]  eu_commerzbank_immobilien_ach_aci_2024
  —  RESULT: SKIP — simplified procedure / no market-analysis sections (2 pages)
[399/2161  18%]  eu_compagnia_siderurgica_italiana_steelag_deutschland_2023
  —  RESULT: SKIP — simplified procedure / no market-analysis sections (2 pages)
[400/2161  18%]  eu_compass_dr_holding_2024
  —  RESULT: SKIP — simplified procedure / no market-analysis sections (2 pages)
[401/2161  18%]  eu_compass_vermaat_2025
  ✓  RESULT: PASS with 2 warning(s) — review before promoting
[402/2161  18%]  eu_concentrix_webhelp_2023
  ✓  RESULT: PASS with 2 warning(s) — review before promoting
[403/2161  19%]  eu_constantia_aluflexpack_2025
  ✓  RESULT: PASS with 2 warning(s) — review before promoting
[404/2161  19%]  eu_contemporary_amperex_technolog_aneka_tambang_feni_haltim_2023
  —  RESULT: SKIP — simplified procedure / no market-analysis sections (2 pages)
[405/2161  19%]  eu_cooper_viatris_european_otc_business_2024
  ✓  RESULT: PASS with 2 warning(s) — review before promoting
[406/2161  19%]  eu_cooper_viatris_over_thecounter_assets_2025
  —  RESULT: SKIP — simplified procedure / no market-analysis sections (2 pages)
[407/2161  19%]  eu_coral_reef_mhi_equity_inmeubles_2023
  —  RESULT: SKIP — simplified procedure / no market-analysis sections (2 pages)
[408/2161  19%]  eu_corvinus_vinci_airports_airport_holding_2023
  —  RESULT: SKIP — simplified procedure / no market-analysis sections (2 pages)
[409/2161  19%]  eu_cova_partnerre_2022
  —  RESULT: SKIP — simplified procedure / no market-analysis sections (2 pages)
[410/2161  19%]  eu_cpp_investments_efms_neogov_2025
  —  RESULT: SKIP — simplified procedure / no market-analysis sections (2 pages)
[411/2161  19%]  eu_cpp_investments_i_squared_inkia_energy_2026
  —  RESULT: SKIP — simplified procedure / no market-analysis sections (2 pages)
[412/2161  19%]  eu_cpp_investments_stone_point_onedigital_2025
  —  RESULT: SKIP — simplified procedure / no market-analysis sections (2 pages)
[413/2161  19%]  eu_cpp_investments_votorantim_jv_2022
  —  RESULT: SKIP — simplified procedure / no market-analysis sections (2 pages)
[414/2161  19%]  eu_cpp_investsments_votorantim_votener_2021
  —  RESULT: SKIP — simplified procedure / no market-analysis sections (2 pages)
[415/2161  19%]  eu_cppib_montagu_universal_investment_2022
  —  RESULT: SKIP — simplified procedure / no market-analysis sections (2 pages)
[416/2161  19%]  eu_crdit_mutuel_group_oldenburgische_landesbank_2025
  —  RESULT: SKIP — simplified procedure / no market-analysis sections (2 pages)
[417/2161  19%]  eu_crrc_grampet_jv_2025
  —  RESULT: SKIP — simplified procedure / no market-analysis sections (2 pages)
[418/2161  19%]  eu_csl_vifor_pharma_2022
  ✓  RESULT: PASS with 2 warning(s) — review before promoting
[419/2161  19%]  eu_cts_eventim_fnac_darty_france_billet_2024
  ✓  RESULT: PASS with 2 warning(s) — review before promoting
[420/2161  19%]  eu_cummins_china_petrochemical_corporatio_jv_2021
  —  RESULT: SKIP — simplified procedure / no market-analysis sections (2 pages)
[421/2161  19%]  eu_cummins_meritor_2022
  —  RESULT: SKIP — simplified procedure / no market-analysis sections (2 pages)
[422/2161  19%]  eu_cura_generali_tc_pep_property_2022
  —  RESULT: SKIP — simplified procedure / no market-analysis sections (2 pages)
[423/2161  19%]  eu_cura_ocg_deutsche_euroshop_jv_2022
  —  RESULT: SKIP — simplified procedure / no market-analysis sections (2 pages)
[424/2161  19%]  eu_cvc_capital_scan_global_logistics_2023
  —  RESULT: SKIP — simplified procedure / no market-analysis sections (2 pages)
[425/2161  20%]  eu_cvc_cdr_epicor_2024
  —  RESULT: SKIP — simplified procedure / no market-analysis sections (2 pages)
[426/2161  20%]  eu_cvc_cinven_partner_in_pet_food_2024
  —  RESULT: SKIP — simplified procedure / no market-analysis sections (2 pages)
[427/2161  20%]  eu_cvc_comarch_2024
  —  RESULT: SKIP — simplified procedure / no market-analysis sections (2 pages)
[428/2161  20%]  eu_cvc_dif_2024
  —  RESULT: SKIP — simplified procedure / no market-analysis sections (2 pages)
[429/2161  20%]  eu_cvc_dif_vng_balance_2025
  —  RESULT: SKIP — simplified procedure / no market-analysis sections (2 pages)
[430/2161  20%]  eu_cvc_ekaterra_2022
  ✓  RESULT: PASS with 2 warning(s) — review before promoting
[431/2161  20%]  eu_cvc_emma_foxpost_2024
  —  RESULT: SKIP — simplified procedure / no market-analysis sections (2 pages)
[432/2161  20%]  eu_cvc_emma_mailstep_2024
  —  RESULT: SKIP — simplified procedure / no market-analysis sections (2 pages)
[433/2161  20%]  eu_cvc_emma_packeta_2024
  —  RESULT: SKIP — simplified procedure / no market-analysis sections (2 pages)
[434/2161  20%]  eu_cvc_ethniki_2022
  ✓  RESULT: PASS with 2 warning(s) — review before promoting
[435/2161  20%]  eu_cvc_fidelio_odevo_2024
  —  RESULT: SKIP — simplified procedure / no market-analysis sections (2 pages)
[436/2161  20%]  eu_cvc_funds_lfp_mediaco_2022
  —  RESULT: SKIP — simplified procedure / no market-analysis sections (2 pages)
[437/2161  20%]  eu_cvc_funds_visma_custom_solutions_2022
  —  RESULT: SKIP — simplified procedure / no market-analysis sections (2 pages)
[438/2161  20%]  eu_cvc_gaming1_2022
  ✓  RESULT: PASS with 2 warning(s) — review before promoting
[439/2161  20%]  eu_cvc_hempel_invest_hempel_2024
  —  RESULT: SKIP — simplified procedure / no market-analysis sections (2 pages)
[440/2161  20%]  eu_cvc_htb_fl_2022
  —  RESULT: SKIP — simplified procedure / no market-analysis sections (2 pages)
[441/2161  20%]  eu_cvc_keensight_capital_sogelink_2024
  —  RESULT: SKIP — simplified procedure / no market-analysis sections (2 pages)
[442/2161  20%]  eu_cvc_lgp_green_veracity_acquisition_hol_2022
  —  RESULT: SKIP — simplified procedure / no market-analysis sections (2 pages)
[443/2161  20%]  eu_cvc_mam_2026
  —  RESULT: SKIP — simplified procedure / no market-analysis sections (2 pages)
[444/2161  20%]  eu_cvc_maticmind_sio_2022
  —  RESULT: SKIP — simplified procedure / no market-analysis sections (2 pages)
[445/2161  20%]  eu_cvc_monbake_2024
  —  RESULT: SKIP — simplified procedure / no market-analysis sections (2 pages)
[446/2161  20%]  eu_cvc_nordic_capital_cary_group_2022
  —  RESULT: SKIP — simplified procedure / no market-analysis sections (2 pages)
[447/2161  21%]  eu_cvc_pag_australian_venue_co_2025
  —  RESULT: SKIP — simplified procedure / no market-analysis sections (2 pages)
[448/2161  21%]  eu_cvc_panzani_2021
  —  RESULT: SKIP — simplified procedure / no market-analysis sections (2 pages)
[449/2161  21%]  eu_cvc_platinum_ivy_tmf_group_2022
  —  RESULT: SKIP — simplified procedure / no market-analysis sections (2 pages)
[450/2161  21%]  eu_cvc_pon_urus_2024
  —  RESULT: SKIP — simplified procedure / no market-analysis sections (2 pages)
[451/2161  21%]  eu_cvc_smiths_detection_2026
  —  RESULT: SKIP — simplified procedure / no market-analysis sections (2 pages)
[452/2161  21%]  eu_cvc_waldakt_resurs_2024
  —  RESULT: SKIP — simplified procedure / no market-analysis sections (2 pages)
[453/2161  21%]  eu_cvc_world_of_talents_2024
  —  RESULT: SKIP — simplified procedure / no market-analysis sections (2 pages)
[454/2161  21%]  eu_cvc_worxinvest_sd_worx_2023
  —  RESULT: SKIP — simplified procedure / no market-analysis sections (2 pages)
[455/2161  21%]  eu_dachser_dachser_fercam_italia_2023
  —  RESULT: SKIP — simplified procedure / no market-analysis sections (2 pages)
[456/2161  21%]  eu_dachser_frigoscandia_2024
  —  RESULT: SKIP — simplified procedure / no market-analysis sections (2 pages)
[457/2161  21%]  eu_dae_maf_2026
  —  RESULT: SKIP — simplified procedure / no market-analysis sections (2 pages)
[458/2161  21%]  eu_daimler_truck_nextera_bfm_2022
  —  RESULT: SKIP — simplified procedure / no market-analysis sections (2 pages)
[459/2161  21%]  eu_daimler_truck_volvo_jv_2025
  —  RESULT: SKIP — simplified procedure / no market-analysis sections (2 pages)
[460/2161  21%]  eu_danske_bank_lnsfrskringar_bank_nordea_2022
  —  RESULT: SKIP — simplified procedure / no market-analysis sections (3 pages)
[461/2161  21%]  eu_dassault_systemes_internationa_szsw_jv_2022
  —  RESULT: SKIP — simplified procedure / no market-analysis sections (2 pages)
[462/2161  21%]  eu_davita_medtronic_medtronic_renal_care_solutions_2023
  —  RESULT: SKIP — simplified procedure / no market-analysis sections (2 pages)
[463/2161  21%]  eu_dbs_jpmc_temasek_2021
  —  RESULT: SKIP — simplified procedure / no market-analysis sections (2 pages)
[464/2161  21%]  eu_dcc_progas_2024
  ✓  RESULT: PASS with 2 warning(s) — review before promoting
[465/2161  21%]  eu_dekabank_sc_lbbw_2023
  —  RESULT: SKIP — simplified procedure / no market-analysis sections (2 pages)
[466/2161  21%]  eu_deli_home_hwi_houtwerf_2025
  ✓  RESULT: PASS with 2 warning(s) — review before promoting
[467/2161  21%]  eu_depa_gek_terna_gener_2023
  —  RESULT: SKIP — simplified procedure / no market-analysis sections (2 pages)
[468/2161  22%]  eu_desfa_copelouzou_depa_2021
  ✓  RESULT: PASS with 2 warning(s) — review before promoting
[469/2161  22%]  eu_deutsche_bank_munich_re_weltec_holding_jv_2023
  —  RESULT: SKIP — simplified procedure / no market-analysis sections (2 pages)
[470/2161  22%]  eu_deutsche_brse_lindner_digital_vault_services_2025
  —  RESULT: SKIP — simplified procedure / no market-analysis sections (2 pages)
[471/2161  22%]  eu_deutsche_brse_simcorp_2023
  —  RESULT: SKIP — simplified procedure / no market-analysis sections (2 pages)
[472/2161  22%]  eu_deutsche_post_ctt_jvs_2026
  ✓  RESULT: PASS with 2 warning(s) — review before promoting
[473/2161  22%]  eu_deutsche_telekom_orange_telefonica_2023
  ✓  RESULT: PASS with 2 warning(s) — review before promoting
[474/2161  22%]  eu_deva_capital_novares_group_2025
  —  RESULT: SKIP — simplified procedure / no market-analysis sections (2 pages)
[475/2161  22%]  eu_dieteren_phe_2022
  ✓  RESULT: PASS with 2 warning(s) — review before promoting
[476/2161  22%]  eu_dif_edf_fjord1_2024
  —  RESULT: SKIP — simplified procedure / no market-analysis sections (2 pages)
[477/2161  22%]  eu_dif_virya_dhyve_jv_2025
  —  RESULT: SKIP — simplified procedure / no market-analysis sections (2 pages)
[478/2161  22%]  eu_digitalbridge_brookfield_dtag_2022
  —  RESULT: SKIP — simplified procedure / no market-analysis sections (2 pages)
[479/2161  22%]  eu_digitalbridge_equitix_freedom_fibre_2024
  —  RESULT: SKIP — simplified procedure / no market-analysis sections (2 pages)
[480/2161  22%]  eu_digitalbridge_omers_beanfield_2023
  —  RESULT: SKIP — simplified procedure / no market-analysis sections (2 pages)
[481/2161  22%]  eu_digitalbridge_tcgl_county_broadband_2026
  —  RESULT: SKIP — simplified procedure / no market-analysis sections (2 pages)
[482/2161  22%]  eu_dk_ysco_2024
  —  RESULT: SKIP — simplified procedure / no market-analysis sections (2 pages)
[483/2161  22%]  eu_dkv_mobility_group_smart_diesel_tax_refund_2024
  —  RESULT: SKIP — simplified procedure / no market-analysis sections (2 pages)
[484/2161  22%]  eu_dnb_danske_bank_sb1_2022
  ✓  RESULT: PASS with 2 warning(s) — review before promoting
[485/2161  22%]  eu_domidep_vitanas_2026
  —  RESULT: SKIP — simplified procedure / no market-analysis sections (2 pages)
[486/2161  22%]  eu_doordash_deliveroo_2025
  —  RESULT: SKIP — simplified procedure / no market-analysis sections (2 pages)
[487/2161  22%]  eu_dp_world_arcese_jv_2025
  —  RESULT: SKIP — simplified procedure / no market-analysis sections (2 pages)
[488/2161  22%]  eu_dp_world_imperial_logistics_2021
  —  RESULT: SKIP — simplified procedure / no market-analysis sections (2 pages)
[489/2161  22%]  eu_dp_world_syncreon_2021
  —  RESULT: SKIP — simplified procedure / no market-analysis sections (2 pages)
[490/2161  23%]  eu_dpi_pi_jv_2024
  —  RESULT: SKIP — simplified procedure / no market-analysis sections (2 pages)
[491/2161  23%]  eu_drosed_indykpol_2024
  ✓  RESULT: PASS with 2 warning(s) — review before promoting
[492/2161  23%]  eu_dsbj_gmd_2025
  —  RESULT: SKIP — simplified procedure / no market-analysis sections (2 pages)
[493/2161  23%]  eu_dsm_fonterra_tasman_2022
  —  RESULT: SKIP — simplified procedure / no market-analysis sections (2 pages)
[494/2161  23%]  eu_dsv_schenker_2025
  ✓  RESULT: PASS with 2 warning(s) — review before promoting
[495/2161  23%]  eu_dtc_ircp_diamond_transmission_partners_2023
  —  RESULT: SKIP — simplified procedure / no market-analysis sections (2 pages)
[496/2161  23%]  eu_dufry_autogrill_2022
  —  RESULT: SKIP — simplified procedure / no market-analysis sections (2 pages)
[497/2161  23%]  eu_dws_galaxy_flow_traders_2024
  —  RESULT: SKIP — simplified procedure / no market-analysis sections (2 pages)
[498/2161  23%]  eu_ebert_hera_esser_holding_serviceco_2023
  —  RESULT: SKIP — simplified procedure / no market-analysis sections (2 pages)
[499/2161  23%]  eu_ec_m10000_2020
  —  RESULT: SKIP — simplified procedure / no market-analysis sections (2 pages)
[500/2161  23%]  eu_ec_m10001_2021
  ✓  RESULT: PASS with 1 warning(s) — review before promoting
[501/2161  23%]  eu_ec_m10003_2020
  —  RESULT: SKIP — simplified procedure / no market-analysis sections (2 pages)
[502/2161  23%]  eu_ec_m10004_2021
  —  RESULT: SKIP — simplified procedure / no market-analysis sections (2 pages)
[503/2161  23%]  eu_ec_m10005_2020
  —  RESULT: SKIP — simplified procedure / no market-analysis sections (2 pages)
[504/2161  23%]  eu_ec_m10006_2021
  ✓  RESULT: PASS with 1 warning(s) — review before promoting
[505/2161  23%]  eu_ec_m10010_2021
  —  RESULT: SKIP — simplified procedure / no market-analysis sections (2 pages)
[506/2161  23%]  eu_ec_m10011_2020
  —  RESULT: SKIP — simplified procedure / no market-analysis sections (2 pages)
[507/2161  23%]  eu_ec_m10012_2020
  —  RESULT: SKIP — simplified procedure / no market-analysis sections (2 pages)
[508/2161  23%]  eu_ec_m10013_2020
  —  RESULT: SKIP — simplified procedure / no market-analysis sections (2 pages)
[509/2161  23%]  eu_ec_m10014_2020
  —  RESULT: SKIP — simplified procedure / no market-analysis sections (2 pages)
[510/2161  23%]  eu_ec_m10019_2020
  —  RESULT: SKIP — simplified procedure / no market-analysis sections (2 pages)
[511/2161  24%]  eu_ec_m10021_2021
  —  RESULT: SKIP — simplified procedure / no market-analysis sections (2 pages)
[512/2161  24%]  eu_ec_m10022_2020
  —  RESULT: SKIP — simplified procedure / no market-analysis sections (2 pages)
[513/2161  24%]  eu_ec_m10023_2020
  —  RESULT: SKIP — simplified procedure / no market-analysis sections (2 pages)
[514/2161  24%]  eu_ec_m10024_2021
  —  RESULT: SKIP — simplified procedure / no market-analysis sections (2 pages)
[515/2161  24%]  eu_ec_m10027_2020
  —  RESULT: SKIP — simplified procedure / no market-analysis sections (2 pages)
[516/2161  24%]  eu_ec_m10028_2021
  ✓  RESULT: PASS with 1 warning(s) — review before promoting
[517/2161  24%]  eu_ec_m10029_2020
  —  RESULT: SKIP — simplified procedure / no market-analysis sections (2 pages)
[518/2161  24%]  eu_ec_m10030_2021
  —  RESULT: SKIP — simplified procedure / no market-analysis sections (2 pages)
[519/2161  24%]  eu_ec_m10031_2020
  —  RESULT: SKIP — simplified procedure / no market-analysis sections (2 pages)
[520/2161  24%]  eu_ec_m10032_2020
  —  RESULT: SKIP — simplified procedure / no market-analysis sections (2 pages)
[521/2161  24%]  eu_ec_m10033_2020
  —  RESULT: SKIP — simplified procedure / no market-analysis sections (2 pages)
[522/2161  24%]  eu_ec_m10034_2021
  —  RESULT: SKIP — simplified procedure / no market-analysis sections (2 pages)
[523/2161  24%]  eu_ec_m10035_2020
  —  RESULT: SKIP — simplified procedure / no market-analysis sections (2 pages)
[524/2161  24%]  eu_ec_m10036_2020
  —  RESULT: SKIP — simplified procedure / no market-analysis sections (2 pages)
[525/2161  24%]  eu_ec_m10037_2021
  —  RESULT: SKIP — simplified procedure / no market-analysis sections (2 pages)
[526/2161  24%]  eu_ec_m10038_2021
  —  RESULT: SKIP — simplified procedure / no market-analysis sections (2 pages)
[527/2161  24%]  eu_ec_m10039_2021
  —  RESULT: SKIP — simplified procedure / no market-analysis sections (2 pages)
[528/2161  24%]  eu_ec_m10040_2021
  —  RESULT: SKIP — simplified procedure / no market-analysis sections (2 pages)
[529/2161  24%]  eu_ec_m10041_2021
  —  RESULT: SKIP — simplified procedure / no market-analysis sections (2 pages)
[530/2161  24%]  eu_ec_m10042_2020
  —  RESULT: SKIP — simplified procedure / no market-analysis sections (2 pages)
[531/2161  24%]  eu_ec_m10043_2021
  —  RESULT: SKIP — simplified procedure / no market-analysis sections (2 pages)
[532/2161  24%]  eu_ec_m10044_2021
  —  RESULT: SKIP — simplified procedure / no market-analysis sections (2 pages)
[533/2161  25%]  eu_ec_m10046_2020
  —  RESULT: SKIP — simplified procedure / no market-analysis sections (2 pages)
[534/2161  25%]  eu_ec_m10047_2021
  ✗  TypeError: unhashable type: 'dict'
[535/2161  25%]  eu_ec_m10048_2020
  —  RESULT: SKIP — simplified procedure / no market-analysis sections (2 pages)
[536/2161  25%]  eu_ec_m10049_2021
  —  RESULT: SKIP — simplified procedure / no market-analysis sections (2 pages)
[537/2161  25%]  eu_ec_m10051_2020
  —  RESULT: SKIP — simplified procedure / no market-analysis sections (2 pages)
[538/2161  25%]  eu_ec_m10052_2020
  —  RESULT: SKIP — simplified procedure / no market-analysis sections (2 pages)
[539/2161  25%]  eu_ec_m10053_2021
  —  RESULT: SKIP — simplified procedure / no market-analysis sections (2 pages)
[540/2161  25%]  eu_ec_m10054_2021
  —  RESULT: SKIP — simplified procedure / no market-analysis sections (2 pages)
[541/2161  25%]  eu_ec_m10055_2020
  —  RESULT: SKIP — simplified procedure / no market-analysis sections (2 pages)
[542/2161  25%]  eu_ec_m10056_2020
  —  RESULT: SKIP — simplified procedure / no market-analysis sections (2 pages)
[543/2161  25%]  eu_ec_m10058_2020
  —  RESULT: SKIP — simplified procedure / no market-analysis sections (2 pages)
[544/2161  25%]  eu_ec_m10059_2021
  ✓  RESULT: PASS with 1 warning(s) — review before promoting
[545/2161  25%]  eu_ec_m10060_2021
  ✓  RESULT: PASS with 1 warning(s) — review before promoting
[546/2161  25%]  eu_ec_m10061_2021
  ✓  RESULT: PASS with 1 warning(s) — review before promoting
[547/2161  25%]  eu_ec_m10062_2020
  —  RESULT: SKIP — simplified procedure / no market-analysis sections (2 pages)
[548/2161  25%]  eu_ec_m10063_2020
  —  RESULT: SKIP — simplified procedure / no market-analysis sections (2 pages)
[549/2161  25%]  eu_ec_m10064_2021
  —  RESULT: SKIP — simplified procedure / no market-analysis sections (2 pages)
[550/2161  25%]  eu_ec_m10065_2020
  —  RESULT: SKIP — simplified procedure / no market-analysis sections (2 pages)
[551/2161  25%]  eu_ec_m10066_2021
  —  RESULT: SKIP — simplified procedure / no market-analysis sections (2 pages)
[552/2161  25%]  eu_ec_m10067_2021
  —  RESULT: SKIP — simplified procedure / no market-analysis sections (2 pages)
[553/2161  25%]  eu_ec_m10068_2021
  —  RESULT: SKIP — simplified procedure / no market-analysis sections (2 pages)
[554/2161  25%]  eu_ec_m10070_2021
  ✓  RESULT: PASS with 1 warning(s) — review before promoting
[555/2161  25%]  eu_ec_m10071_2020
  —  RESULT: SKIP — simplified procedure / no market-analysis sections (2 pages)
[556/2161  26%]  eu_ec_m10072_2021
  —  RESULT: SKIP — simplified procedure / no market-analysis sections (2 pages)
[557/2161  26%]  eu_ec_m10073_2021
  —  RESULT: SKIP — simplified procedure / no market-analysis sections (2 pages)
[558/2161  26%]  eu_ec_m10074_2021
  —  RESULT: SKIP — simplified procedure / no market-analysis sections (2 pages)
[559/2161  26%]  eu_ec_m10075_2021
  ✓  RESULT: PASS with 1 warning(s) — review before promoting
[560/2161  26%]  eu_ec_m10076_2021
  —  RESULT: SKIP — simplified procedure / no market-analysis sections (2 pages)
[561/2161  26%]  eu_ec_m10077_2021
  —  RESULT: SKIP — simplified procedure / no market-analysis sections (2 pages)
[562/2161  26%]  eu_ec_m10082_2021
  ✗  TypeError: unhashable type: 'dict'
[563/2161  26%]  eu_ec_m10084_2021
  —  RESULT: SKIP — simplified procedure / no market-analysis sections (2 pages)
[564/2161  26%]  eu_ec_m10085_2021
  —  RESULT: SKIP — simplified procedure / no market-analysis sections (2 pages)
[565/2161  26%]  eu_ec_m10086_2021
  —  RESULT: SKIP — simplified procedure / no market-analysis sections (2 pages)
[566/2161  26%]  eu_ec_m10087_2021
  ✓  RESULT: PASS with 1 warning(s) — review before promoting
[567/2161  26%]  eu_ec_m10089_2020
  —  RESULT: SKIP — simplified procedure / no market-analysis sections (2 pages)
[568/2161  26%]  eu_ec_m10090_2021
  —  RESULT: SKIP — simplified procedure / no market-analysis sections (2 pages)
[569/2161  26%]  eu_ec_m10091_2021
  —  RESULT: SKIP — simplified procedure / no market-analysis sections (2 pages)
[570/2161  26%]  eu_ec_m10095_2021
  —  RESULT: SKIP — simplified procedure / no market-analysis sections (2 pages)
[571/2161  26%]  eu_ec_m10096_2021
  —  RESULT: SKIP — simplified procedure / no market-analysis sections (2 pages)
[572/2161  26%]  eu_ec_m10099_2021
  —  RESULT: SKIP — simplified procedure / no market-analysis sections (2 pages)
[573/2161  26%]  eu_ec_m10100_2021
  —  RESULT: SKIP — simplified procedure / no market-analysis sections (2 pages)
[574/2161  26%]  eu_ec_m10102_2021
  ✓  RESULT: PASS with 1 warning(s) — review before promoting
[575/2161  26%]  eu_ec_m10103_2021
  —  RESULT: SKIP — simplified procedure / no market-analysis sections (2 pages)
[576/2161  26%]  eu_ec_m10105_2021
  —  RESULT: SKIP — simplified procedure / no market-analysis sections (2 pages)
[577/2161  26%]  eu_ec_m10107_2021
  —  RESULT: SKIP — simplified procedure / no market-analysis sections (2 pages)
[578/2161  27%]  eu_ec_m10109_2021
  —  RESULT: SKIP — simplified procedure / no market-analysis sections (3 pages)
[579/2161  27%]  eu_ec_m10111_2021
  —  RESULT: SKIP — simplified procedure / no market-analysis sections (2 pages)
[580/2161  27%]  eu_ec_m10112_2021
  —  RESULT: SKIP — simplified procedure / no market-analysis sections (2 pages)
[581/2161  27%]  eu_ec_m10115_2021
  —  RESULT: SKIP — simplified procedure / no market-analysis sections (2 pages)
[582/2161  27%]  eu_ec_m10116_2021
  —  RESULT: SKIP — simplified procedure / no market-analysis sections (2 pages)
[583/2161  27%]  eu_ec_m10117_2021
  —  RESULT: SKIP — simplified procedure / no market-analysis sections (2 pages)
[584/2161  27%]  eu_ec_m10118_2021
  ✓  RESULT: PASS with 1 warning(s) — review before promoting
[585/2161  27%]  eu_ec_m10120_2021
  —  RESULT: SKIP — simplified procedure / no market-analysis sections (2 pages)
[586/2161  27%]  eu_ec_m10121_2021
  —  RESULT: SKIP — simplified procedure / no market-analysis sections (2 pages)
[587/2161  27%]  eu_ec_m10122_2021
  ✓  RESULT: PASS with 1 warning(s) — review before promoting
[588/2161  27%]  eu_ec_m10123_2021
  ✓  RESULT: PASS with 1 warning(s) — review before promoting
[589/2161  27%]  eu_ec_m10125_2021
  —  RESULT: SKIP — simplified procedure / no market-analysis sections (2 pages)
[590/2161  27%]  eu_ec_m10128_2021
  —  RESULT: SKIP — simplified procedure / no market-analysis sections (2 pages)
[591/2161  27%]  eu_ec_m10130_2021
  —  RESULT: SKIP — simplified procedure / no market-analysis sections (2 pages)
[592/2161  27%]  eu_ec_m10131_2021
  —  RESULT: SKIP — simplified procedure / no market-analysis sections (2 pages)
[593/2161  27%]  eu_ec_m10132_2021
  —  RESULT: SKIP — simplified procedure / no market-analysis sections (2 pages)
[594/2161  27%]  eu_ec_m10133_2021
  ✓  RESULT: PASS with 1 warning(s) — review before promoting
[595/2161  27%]  eu_ec_m10135_2021
  —  RESULT: SKIP — simplified procedure / no market-analysis sections (2 pages)
[596/2161  27%]  eu_ec_m10136_2021
  —  RESULT: SKIP — simplified procedure / no market-analysis sections (2 pages)
[597/2161  27%]  eu_ec_m10140_2021
  —  RESULT: SKIP — simplified procedure / no market-analysis sections (2 pages)
[598/2161  27%]  eu_ec_m10141_2021
  ✓  RESULT: PASS with 1 warning(s) — review before promoting
[599/2161  27%]  eu_ec_m10142_2021
  —  RESULT: SKIP — simplified procedure / no market-analysis sections (2 pages)
[600/2161  28%]  eu_ec_m10143_2021
  —  RESULT: SKIP — simplified procedure / no market-analysis sections (2 pages)
[601/2161  28%]  eu_ec_m10145_2021
  —  RESULT: SKIP — simplified procedure / no market-analysis sections (2 pages)
[602/2161  28%]  eu_ec_m10147_2021
  ✓  RESULT: PASS with 1 warning(s) — review before promoting
[603/2161  28%]  eu_ec_m10148_2021
  —  RESULT: SKIP — simplified procedure / no market-analysis sections (2 pages)
[604/2161  28%]  eu_ec_m10150_2021
  —  RESULT: SKIP — simplified procedure / no market-analysis sections (2 pages)
[605/2161  28%]  eu_ec_m10151_2021
  —  RESULT: SKIP — simplified procedure / no market-analysis sections (2 pages)
[606/2161  28%]  eu_ec_m10152_2021
  —  RESULT: SKIP — simplified procedure / no market-analysis sections (2 pages)
[607/2161  28%]  eu_ec_m10155_2021
  —  RESULT: SKIP — simplified procedure / no market-analysis sections (2 pages)
[608/2161  28%]  eu_ec_m10156_2021
  —  RESULT: SKIP — simplified procedure / no market-analysis sections (2 pages)
[609/2161  28%]  eu_ec_m10157_2021
  ✗  RESULT: BLOCKED — fix errors above before promoting to canonical
[610/2161  28%]  eu_ec_m10158_2021
  ✓  RESULT: PASS with 2 warning(s) — review before promoting
[611/2161  28%]  eu_ec_m10159_2021
  ✗  ERROR: No PDF caches available — cannot proceed with extraction
[612/2161  28%]  eu_ec_m10160_2021
  ✗  ERROR: No PDF caches available — cannot proceed with extraction
[613/2161  28%]  eu_ec_m10161_2021
  ✗  ERROR: No PDF caches available — cannot proceed with extraction
[614/2161  28%]  eu_ec_m10162_2021
  ✗  ERROR: No PDF caches available — cannot proceed with extraction
[615/2161  28%]  eu_ec_m10163_2021
  ✗  ERROR: No PDF caches available — cannot proceed with extraction
[616/2161  28%]  eu_ec_m10164_2021
  ✗  ERROR: No PDF caches available — cannot proceed with extraction
[617/2161  28%]  eu_ec_m10167_2021
  ✗  ERROR: No PDF caches available — cannot proceed with extraction
[618/2161  28%]  eu_ec_m10169_2021
  ✗  ERROR: No PDF caches available — cannot proceed with extraction
[619/2161  28%]  eu_ec_m10170_2021
  ✗  ERROR: No PDF caches available — cannot proceed with extraction
[620/2161  28%]  eu_ec_m10171_2021
  ✗  ERROR: No PDF caches available — cannot proceed with extraction
[621/2161  28%]  eu_ec_m10173_2021
  ✗  ERROR: No PDF caches available — cannot proceed with extraction
[622/2161  28%]  eu_ec_m10174_2021
  ✗  ERROR: No PDF caches available — cannot proceed with extraction
[623/2161  28%]  eu_ec_m10177_2021
  ✗  ERROR: No PDF caches available — cannot proceed with extraction
[624/2161  28%]  eu_ec_m10178_2021
  ✗  ERROR: No PDF caches available — cannot proceed with extraction
[625/2161  28%]  eu_ec_m10182_2021
  ✗  ERROR: No PDF caches available — cannot proceed with extraction
[626/2161  28%]  eu_ec_m10183_2021
  ✗  ERROR: No PDF caches available — cannot proceed with extraction
[627/2161  28%]  eu_ec_m10190_2021
  ✗  ERROR: No PDF caches available — cannot proceed with extraction
[628/2161  28%]  eu_ec_m10192_2021
  ✗  ERROR: No PDF caches available — cannot proceed with extraction
[629/2161  28%]  eu_ec_m10193_2021
  ✗  ERROR: No PDF caches available — cannot proceed with extraction
[630/2161  28%]  eu_ec_m10194_2021
  ✗  ERROR: No PDF caches available — cannot proceed with extraction
[631/2161  28%]  eu_ec_m10196_2021
  ✗  ERROR: No PDF caches available — cannot proceed with extraction
[632/2161  28%]  eu_ec_m10199_2021
  ✗  ERROR: No PDF caches available — cannot proceed with extraction
[633/2161  28%]  eu_ec_m10200_2021
  ✗  ERROR: No PDF caches available — cannot proceed with extraction
[634/2161  28%]  eu_ec_m10202_2021
  —  RESULT: SKIP — simplified procedure / no market-analysis sections (2 pages)
[635/2161  28%]  eu_ec_m10203_2021
  —  RESULT: SKIP — simplified procedure / no market-analysis sections (2 pages)
[636/2161  28%]  eu_ec_m10204_2021
  —  RESULT: SKIP — simplified procedure / no market-analysis sections (2 pages)
[637/2161  28%]  eu_ec_m10206_2021
  ✓  RESULT: PASS with 1 warning(s) — review before promoting
[638/2161  28%]  eu_ec_m10207_2021
  —  RESULT: SKIP — simplified procedure / no market-analysis sections (2 pages)
[639/2161  28%]  eu_ec_m10208_2021
  —  RESULT: SKIP — simplified procedure / no market-analysis sections (2 pages)
[640/2161  28%]  eu_ec_m10210_2021
  —  RESULT: SKIP — simplified procedure / no market-analysis sections (2 pages)
[641/2161  28%]  eu_ec_m10211_2021
  —  RESULT: SKIP — simplified procedure / no market-analysis sections (2 pages)
[642/2161  28%]  eu_ec_m10212_2021
  ✓  RESULT: PASS with 1 warning(s) — review before promoting
[643/2161  28%]  eu_ec_m10214_2021
  —  RESULT: SKIP — simplified procedure / no market-analysis sections (2 pages)
[644/2161  28%]  eu_ec_m10215_2021
  —  RESULT: SKIP — simplified procedure / no market-analysis sections (2 pages)
[645/2161  29%]  eu_ec_m10216_2021
  ✓  RESULT: PASS with 1 warning(s) — review before promoting
[646/2161  29%]  eu_ec_m10219_2021
  —  RESULT: SKIP — simplified procedure / no market-analysis sections (2 pages)
[647/2161  29%]  eu_ec_m10220_2021
  —  RESULT: SKIP — simplified procedure / no market-analysis sections (2 pages)
[648/2161  29%]  eu_ec_m10221_2021
  —  RESULT: SKIP — simplified procedure / no market-analysis sections (2 pages)
[649/2161  29%]  eu_ec_m10222_2021
  —  RESULT: SKIP — simplified procedure / no market-analysis sections (2 pages)
[650/2161  29%]  eu_ec_m10224_2021
  —  RESULT: SKIP — simplified procedure / no market-analysis sections (2 pages)
[651/2161  29%]  eu_ec_m10225_2021
  —  RESULT: SKIP — simplified procedure / no market-analysis sections (2 pages)
[652/2161  29%]  eu_ec_m10226_2021
  —  RESULT: SKIP — simplified procedure / no market-analysis sections (2 pages)
[653/2161  29%]  eu_ec_m10227_2021
  —  RESULT: SKIP — simplified procedure / no market-analysis sections (2 pages)
[654/2161  29%]  eu_ec_m10228_2021
  —  RESULT: SKIP — simplified procedure / no market-analysis sections (2 pages)
[655/2161  29%]  eu_ec_m10229_2021
  ✓  RESULT: PASS with 1 warning(s) — review before promoting
[656/2161  29%]  eu_ec_m10231_2021
  ✓  RESULT: PASS with 1 warning(s) — review before promoting
[657/2161  29%]  eu_ec_m10233_2021
  —  RESULT: SKIP — simplified procedure / no market-analysis sections (2 pages)
[658/2161  29%]  eu_ec_m10234_2021
  ✓  RESULT: PASS with 1 warning(s) — review before promoting
[659/2161  29%]  eu_ec_m10236_2021
  —  RESULT: SKIP — simplified procedure / no market-analysis sections (2 pages)
[660/2161  29%]  eu_ec_m10237_2021
  —  RESULT: SKIP — simplified procedure / no market-analysis sections (2 pages)
[661/2161  29%]  eu_ec_m10238_2021
  ✓  RESULT: PASS with 1 warning(s) — review before promoting
[662/2161  29%]  eu_ec_m10241_2021
  —  RESULT: SKIP — simplified procedure / no market-analysis sections (2 pages)
[663/2161  29%]  eu_ec_m10243_2021
  —  RESULT: SKIP — simplified procedure / no market-analysis sections (2 pages)
[664/2161  29%]  eu_ec_m10244_2021
  —  RESULT: SKIP — simplified procedure / no market-analysis sections (2 pages)
[665/2161  29%]  eu_ec_m10245_2021
  —  RESULT: SKIP — simplified procedure / no market-analysis sections (2 pages)
[666/2161  29%]  eu_ec_m10247_2021
  ✓  RESULT: PASS (coverage warning) — 35/247 pages selected; re-run with --full-market-definition-pass before promoting
[667/2161  30%]  eu_ec_m10250_2021
  —  RESULT: SKIP — simplified procedure / no market-analysis sections (2 pages)
[668/2161  30%]  eu_ec_m10252_2021
  —  RESULT: SKIP — simplified procedure / no market-analysis sections (2 pages)
[669/2161  30%]  eu_ec_m10253_2021
  —  RESULT: SKIP — simplified procedure / no market-analysis sections (2 pages)
[670/2161  30%]  eu_ec_m10254_2021
  —  RESULT: SKIP — simplified procedure / no market-analysis sections (2 pages)
[671/2161  30%]  eu_ec_m10255_2021
  ✓  RESULT: PASS with 1 warning(s) — review before promoting
[672/2161  30%]  eu_ec_m10256_2021
  —  RESULT: SKIP — simplified procedure / no market-analysis sections (2 pages)
[673/2161  30%]  eu_ec_m10257_2021
  —  RESULT: SKIP — simplified procedure / no market-analysis sections (2 pages)
[674/2161  30%]  eu_ec_m10261_2021
  —  RESULT: SKIP — simplified procedure / no market-analysis sections (2 pages)
[675/2161  30%]  eu_ec_m10263_2021
  ✓  RESULT: PASS with 1 warning(s) — review before promoting
[676/2161  30%]  eu_ec_m10264_2021
  —  RESULT: SKIP — simplified procedure / no market-analysis sections (2 pages)
[677/2161  30%]  eu_ec_m10265_2021
  —  RESULT: SKIP — simplified procedure / no market-analysis sections (2 pages)
[678/2161  30%]  eu_ec_m10266_2021
  —  RESULT: SKIP — simplified procedure / no market-analysis sections (2 pages)
[679/2161  30%]  eu_ec_m10267_2021
  —  RESULT: SKIP — simplified procedure / no market-analysis sections (2 pages)
[680/2161  30%]  eu_ec_m10268_2021
  —  RESULT: SKIP — simplified procedure / no market-analysis sections (2 pages)
[681/2161  30%]  eu_ec_m10270_2021
  —  RESULT: SKIP — simplified procedure / no market-analysis sections (2 pages)
[682/2161  30%]  eu_ec_m10272_2021
  —  RESULT: SKIP — simplified procedure / no market-analysis sections (2 pages)
[683/2161  30%]  eu_ec_m10274_2021
  —  RESULT: SKIP — simplified procedure / no market-analysis sections (2 pages)
[684/2161  30%]  eu_ec_m10275_2021
  —  RESULT: SKIP — simplified procedure / no market-analysis sections (2 pages)
[685/2161  30%]  eu_ec_m10277_2021
  —  RESULT: SKIP — simplified procedure / no market-analysis sections (2 pages)
[686/2161  30%]  eu_ec_m10281_2021
  —  RESULT: SKIP — simplified procedure / no market-analysis sections (2 pages)
[687/2161  30%]  eu_ec_m10282_2021
  —  RESULT: SKIP — simplified procedure / no market-analysis sections (2 pages)
[688/2161  30%]  eu_ec_m10284_2021
  ✓  RESULT: PASS with 1 warning(s) — review before promoting
[689/2161  31%]  eu_ec_m10287_2021
  —  RESULT: SKIP — simplified procedure / no market-analysis sections (2 pages)
[690/2161  31%]  eu_ec_m10289_2021
  —  RESULT: SKIP — simplified procedure / no market-analysis sections (2 pages)
[691/2161  31%]  eu_ec_m10290_2021
  ✓  RESULT: PASS with 1 warning(s) — review before promoting
[692/2161  31%]  eu_ec_m10291_2021
  —  RESULT: SKIP — simplified procedure / no market-analysis sections (2 pages)
[693/2161  31%]  eu_ec_m10293_2021
  —  RESULT: SKIP — simplified procedure / no market-analysis sections (2 pages)
[694/2161  31%]  eu_ec_m10295_2021
  —  RESULT: SKIP — simplified procedure / no market-analysis sections (2 pages)
[695/2161  31%]  eu_ec_m10296_2021
  —  RESULT: SKIP — simplified procedure / no market-analysis sections (2 pages)
[696/2161  31%]  eu_ec_m10298_2021
  —  RESULT: SKIP — simplified procedure / no market-analysis sections (2 pages)
[697/2161  31%]  eu_ec_m10300_2021
  —  RESULT: SKIP — simplified procedure / no market-analysis sections (2 pages)
[698/2161  31%]  eu_ec_m10302_2021
  —  RESULT: SKIP — simplified procedure / no market-analysis sections (2 pages)
[699/2161  31%]  eu_ec_m10303_2021
  —  RESULT: SKIP — simplified procedure / no market-analysis sections (2 pages)
[700/2161  31%]  eu_ec_m10305_2021
  —  RESULT: SKIP — simplified procedure / no market-analysis sections (2 pages)
[701/2161  31%]  eu_ec_m10307_2021
  —  RESULT: SKIP — simplified procedure / no market-analysis sections (2 pages)
[702/2161  31%]  eu_ec_m10308_2021
  —  RESULT: SKIP — simplified procedure / no market-analysis sections (2 pages)
[703/2161  31%]  eu_ec_m10309_2021
  —  RESULT: SKIP — simplified procedure / no market-analysis sections (2 pages)
[704/2161  31%]  eu_ec_m10312_2021
  —  RESULT: SKIP — simplified procedure / no market-analysis sections (2 pages)
[705/2161  31%]  eu_ec_m10313_2021
  —  RESULT: SKIP — simplified procedure / no market-analysis sections (2 pages)
[706/2161  31%]  eu_ec_m10314_2021
  ✓  RESULT: PASS with 1 warning(s) — review before promoting
[707/2161  31%]  eu_ec_m10315_2021
  —  RESULT: SKIP — simplified procedure / no market-analysis sections (2 pages)
[708/2161  31%]  eu_ec_m10316_2021
  —  RESULT: SKIP — simplified procedure / no market-analysis sections (2 pages)
[709/2161  31%]  eu_ec_m10317_2021
  —  RESULT: SKIP — simplified procedure / no market-analysis sections (2 pages)
[710/2161  32%]  eu_ec_m10318_2021
  —  RESULT: SKIP — simplified procedure / no market-analysis sections (2 pages)
[711/2161  32%]  eu_ec_m10321_2021
  —  RESULT: SKIP — simplified procedure / no market-analysis sections (2 pages)
[712/2161  32%]  eu_ec_m10323_2021
  —  RESULT: SKIP — simplified procedure / no market-analysis sections (2 pages)
[713/2161  32%]  eu_ec_m10324_2021
  —  RESULT: SKIP — simplified procedure / no market-analysis sections (2 pages)
[714/2161  32%]  eu_ec_m10326_2021
  ✓  RESULT: PASS with 1 warning(s) — review before promoting
[715/2161  32%]  eu_ec_m10327_2021
  —  RESULT: SKIP — simplified procedure / no market-analysis sections (2 pages)
[716/2161  32%]  eu_ec_m10328_2021
  —  RESULT: SKIP — simplified procedure / no market-analysis sections (2 pages)
[717/2161  32%]  eu_ec_m10329_2021
  —  RESULT: SKIP — simplified procedure / no market-analysis sections (2 pages)
[718/2161  32%]  eu_ec_m10330_2021
  —  RESULT: SKIP — simplified procedure / no market-analysis sections (2 pages)
[719/2161  32%]  eu_ec_m10332_2021
  —  RESULT: SKIP — simplified procedure / no market-analysis sections (2 pages)
[720/2161  32%]  eu_ec_m10333_2021
  —  RESULT: SKIP — simplified procedure / no market-analysis sections (2 pages)
[721/2161  32%]  eu_ec_m10334_2021
  —  RESULT: SKIP — simplified procedure / no market-analysis sections (3 pages)
[722/2161  32%]  eu_ec_m10339_2022
  ✓  RESULT: PASS with 1 warning(s) — review before promoting
[723/2161  32%]  eu_ec_m10340_2021
  —  RESULT: SKIP — simplified procedure / no market-analysis sections (2 pages)
[724/2161  32%]  eu_ec_m10342_2021
  —  RESULT: SKIP — simplified procedure / no market-analysis sections (2 pages)
[725/2161  32%]  eu_ec_m10343_2021
  ✓  RESULT: PASS with 1 warning(s) — review before promoting
[726/2161  32%]  eu_ec_m10344_2021
  —  RESULT: SKIP — simplified procedure / no market-analysis sections (2 pages)
[727/2161  32%]  eu_ec_m10346_2021
  —  RESULT: SKIP — simplified procedure / no market-analysis sections (2 pages)
[728/2161  32%]  eu_ec_m10347_2021
  ✓  RESULT: PASS with 1 warning(s) — review before promoting
[729/2161  32%]  eu_ec_m10348_2021
  —  RESULT: SKIP — simplified procedure / no market-analysis sections (2 pages)
[730/2161  32%]  eu_ec_m10350_2021
  ✓  RESULT: PASS with 1 warning(s) — review before promoting
[731/2161  32%]  eu_ec_m10351_2021
  —  RESULT: SKIP — simplified procedure / no market-analysis sections (2 pages)
[732/2161  33%]  eu_ec_m10352_2021
  —  RESULT: SKIP — simplified procedure / no market-analysis sections (2 pages)
[733/2161  33%]  eu_ec_m10353_2021
  ✓  RESULT: PASS with 1 warning(s) — review before promoting
[734/2161  33%]  eu_ec_m10354_2021
  —  RESULT: SKIP — simplified procedure / no market-analysis sections (2 pages)
[735/2161  33%]  eu_ec_m10358_2021
  ✓  RESULT: PASS with 1 warning(s) — review before promoting
[736/2161  33%]  eu_ec_m10359_2021
  —  RESULT: SKIP — simplified procedure / no market-analysis sections (2 pages)
[737/2161  33%]  eu_ec_m10360_2021
  ✗  TIMEOUT — case exceeded 6 min limit (stalled PDF fetch or API call)
[738/2161  33%]  eu_ec_m10362_2021
  —  RESULT: SKIP — simplified procedure / no market-analysis sections (2 pages)
[739/2161  33%]  eu_ec_m10363_2021
  —  RESULT: SKIP — simplified procedure / no market-analysis sections (2 pages)
[740/2161  33%]  eu_ec_m10364_2021
  ✓  RESULT: PASS with 1 warning(s) — review before promoting
[741/2161  33%]  eu_ec_m10366_2021
  —  RESULT: SKIP — simplified procedure / no market-analysis sections (2 pages)
[742/2161  33%]  eu_ec_m10367_2021
  —  RESULT: SKIP — simplified procedure / no market-analysis sections (2 pages)
[743/2161  33%]  eu_ec_m10369_2021
  —  RESULT: SKIP — simplified procedure / no market-analysis sections (2 pages)
[744/2161  33%]  eu_ec_m10371_2021
  ✗  TIMEOUT — case exceeded 6 min limit (stalled PDF fetch or API call)
[745/2161  33%]  eu_ec_m10372_2021
  ✓  RESULT: PASS with 1 warning(s) — review before promoting
[746/2161  33%]  eu_ec_m10373_2021
  —  RESULT: SKIP — simplified procedure / no market-analysis sections (2 pages)
[747/2161  33%]  eu_ec_m10374_2021
  —  RESULT: SKIP — simplified procedure / no market-analysis sections (2 pages)
[748/2161  33%]  eu_ec_m10375_2021
  —  RESULT: SKIP — simplified procedure / no market-analysis sections (2 pages)
[749/2161  33%]  eu_ec_m10377_2021
  —  RESULT: SKIP — simplified procedure / no market-analysis sections (2 pages)
[750/2161  33%]  eu_ec_m10379_2021
  —  RESULT: SKIP — simplified procedure / no market-analysis sections (2 pages)
[751/2161  33%]  eu_ec_m10380_2021
  —  RESULT: SKIP — simplified procedure / no market-analysis sections (2 pages)
[752/2161  33%]  eu_ec_m10381_2021
  —  RESULT: SKIP — simplified procedure / no market-analysis sections (2 pages)
[753/2161  33%]  eu_ec_m10382_2021
  —  RESULT: SKIP — simplified procedure / no market-analysis sections (2 pages)
[754/2161  33%]  eu_ec_m10383_2021
  —  RESULT: SKIP — simplified procedure / no market-analysis sections (2 pages)
[755/2161  34%]  eu_ec_m10385_2021
  ✗  TypeError: unhashable type: 'dict'
[756/2161  34%]  eu_ec_m10386_2021
  —  RESULT: SKIP — simplified procedure / no market-analysis sections (2 pages)
[757/2161  34%]  eu_ec_m10388_2021
  —  RESULT: SKIP — simplified procedure / no market-analysis sections (2 pages)
[758/2161  34%]  eu_ec_m10392_2021
  —  RESULT: SKIP — simplified procedure / no market-analysis sections (2 pages)
[759/2161  34%]  eu_ec_m10393_2021
  —  RESULT: SKIP — simplified procedure / no market-analysis sections (2 pages)
[760/2161  34%]  eu_ec_m10395_2021
  —  RESULT: SKIP — simplified procedure / no market-analysis sections (2 pages)
[761/2161  34%]  eu_ec_m10397_2021
  —  RESULT: SKIP — simplified procedure / no market-analysis sections (2 pages)
[762/2161  34%]  eu_ec_m10401_2021
  —  RESULT: SKIP — simplified procedure / no market-analysis sections (2 pages)
[763/2161  34%]  eu_ec_m10402_2021
  —  RESULT: SKIP — simplified procedure / no market-analysis sections (2 pages)
[764/2161  34%]  eu_ec_m10403_2021
  —  RESULT: SKIP — simplified procedure / no market-analysis sections (2 pages)
[765/2161  34%]  eu_ec_m10405_2021
  —  RESULT: SKIP — simplified procedure / no market-analysis sections (2 pages)
[766/2161  34%]  eu_ec_m10407_2021
  —  RESULT: SKIP — simplified procedure / no market-analysis sections (2 pages)
[767/2161  34%]  eu_ec_m10410_2021
  —  RESULT: SKIP — simplified procedure / no market-analysis sections (2 pages)
[768/2161  34%]  eu_ec_m10413_2021
  —  RESULT: SKIP — simplified procedure / no market-analysis sections (2 pages)
[769/2161  34%]  eu_ec_m10414_2021
  —  RESULT: SKIP — simplified procedure / no market-analysis sections (2 pages)
[770/2161  34%]  eu_ec_m10416_2021
  ✗  Review:     /Users/bhavyasharma/open-market/data/drafts/eu/eu_ec_m10416_2021.market_definition.review.md
[771/2161  34%]  eu_ec_m10417_2021
  ✗  ERROR: No PDF caches available — cannot proceed with extraction
[772/2161  34%]  eu_ec_m10419_2021
  —  RESULT: SKIP — simplified procedure / no market-analysis sections (2 pages)
[773/2161  34%]  eu_ec_m10420_2021
  —  RESULT: SKIP — simplified procedure / no market-analysis sections (2 pages)
[774/2161  34%]  eu_ec_m10421_2021
  —  RESULT: SKIP — simplified procedure / no market-analysis sections (2 pages)
[775/2161  34%]  eu_ec_m10422_2022
  —  RESULT: SKIP — simplified procedure / no market-analysis sections (2 pages)
[776/2161  34%]  eu_ec_m10423_2021
  —  RESULT: SKIP — simplified procedure / no market-analysis sections (2 pages)
[777/2161  34%]  eu_ec_m10424_2021
  —  RESULT: SKIP — simplified procedure / no market-analysis sections (2 pages)
[778/2161  34%]  eu_ec_m10425_2021
  —  RESULT: SKIP — simplified procedure / no market-analysis sections (2 pages)
[779/2161  34%]  eu_ec_m10426_2021
  —  RESULT: SKIP — simplified procedure / no market-analysis sections (2 pages)
[780/2161  35%]  eu_ec_m10427_2021
  —  RESULT: SKIP — simplified procedure / no market-analysis sections (2 pages)
[781/2161  35%]  eu_ec_m10430_2021
  —  RESULT: SKIP — simplified procedure / no market-analysis sections (2 pages)
[782/2161  35%]  eu_ec_m10436_2021
  ✓  RESULT: PASS with 1 warning(s) — review before promoting
[783/2161  35%]  eu_ec_m10437_2021
  —  RESULT: SKIP — simplified procedure / no market-analysis sections (2 pages)
[784/2161  35%]  eu_ec_m10440_2021
  —  RESULT: SKIP — simplified procedure / no market-analysis sections (2 pages)
[785/2161  35%]  eu_ec_m10441_2021
  —  RESULT: SKIP — simplified procedure / no market-analysis sections (2 pages)
[786/2161  35%]  eu_ec_m10443_2021
  —  RESULT: SKIP — simplified procedure / no market-analysis sections (2 pages)
[787/2161  35%]  eu_ec_m10449_2021
  —  RESULT: SKIP — simplified procedure / no market-analysis sections (2 pages)
[788/2161  35%]  eu_ec_m10450_2021
  ✓  RESULT: PASS with 1 warning(s) — review before promoting
[789/2161  35%]  eu_ec_m10452_2021
  —  RESULT: SKIP — simplified procedure / no market-analysis sections (2 pages)
[790/2161  35%]  eu_ec_m10453_2021
  —  RESULT: SKIP — simplified procedure / no market-analysis sections (2 pages)
[791/2161  35%]  eu_ec_m10454_2021
  —  RESULT: SKIP — simplified procedure / no market-analysis sections (2 pages)
[792/2161  35%]  eu_ec_m10456_2021
  ✓  RESULT: PASS with 1 warning(s) — review before promoting
[793/2161  35%]  eu_ec_m10457_2021
  —  RESULT: SKIP — simplified procedure / no market-analysis sections (2 pages)
[794/2161  35%]  eu_ec_m10459_2021
  ✓  RESULT: PASS with 1 warning(s) — review before promoting
[795/2161  35%]  eu_ec_m10461_2021
  —  RESULT: SKIP — simplified procedure / no market-analysis sections (2 pages)
[796/2161  35%]  eu_ec_m10462_2021
  —  RESULT: SKIP — simplified procedure / no market-analysis sections (2 pages)
[797/2161  35%]  eu_ec_m10466_2021
  —  RESULT: SKIP — simplified procedure / no market-analysis sections (2 pages)
[798/2161  35%]  eu_ec_m10467_2021
  —  RESULT: SKIP — simplified procedure / no market-analysis sections (2 pages)
[799/2161  35%]  eu_ec_m10468_2021
  —  RESULT: SKIP — simplified procedure / no market-analysis sections (2 pages)
[800/2161  35%]  eu_ec_m10469_2021
  —  RESULT: SKIP — simplified procedure / no market-analysis sections (2 pages)
[801/2161  35%]  eu_ec_m10471_2022
  —  RESULT: SKIP — simplified procedure / no market-analysis sections (2 pages)
[802/2161  36%]  eu_ec_m10472_2022
  —  RESULT: SKIP — simplified procedure / no market-analysis sections (2 pages)
[803/2161  36%]  eu_ec_m10475_2021
  ✓  RESULT: PASS with 1 warning(s) — review before promoting
[804/2161  36%]  eu_ec_m10476_2021
  —  RESULT: SKIP — simplified procedure / no market-analysis sections (2 pages)
[805/2161  36%]  eu_ec_m10478_2021
  —  RESULT: SKIP — simplified procedure / no market-analysis sections (2 pages)
[806/2161  36%]  eu_ec_m10479_2021
  —  RESULT: SKIP — simplified procedure / no market-analysis sections (2 pages)
[807/2161  36%]  eu_ec_m10481_2021
  —  RESULT: SKIP — simplified procedure / no market-analysis sections (2 pages)
[808/2161  36%]  eu_ec_m10482_2021
  —  RESULT: SKIP — simplified procedure / no market-analysis sections (2 pages)
[809/2161  36%]  eu_ec_m10484_2022
  ✓  RESULT: PASS with 1 warning(s) — review before promoting
[810/2161  36%]  eu_ec_m10486_2021
  —  RESULT: SKIP — simplified procedure / no market-analysis sections (2 pages)
[811/2161  36%]  eu_ec_m10487_2021
  —  RESULT: SKIP — simplified procedure / no market-analysis sections (2 pages)
[812/2161  36%]  eu_ec_m10490_2021
  —  RESULT: SKIP — simplified procedure / no market-analysis sections (2 pages)
[813/2161  36%]  eu_ec_m10491_2022
  —  RESULT: SKIP — simplified procedure / no market-analysis sections (2 pages)
[814/2161  36%]  eu_ec_m10495_2021
  —  RESULT: SKIP — simplified procedure / no market-analysis sections (2 pages)
[815/2161  36%]  eu_ec_m10496_2021
  —  RESULT: SKIP — simplified procedure / no market-analysis sections (2 pages)
[816/2161  36%]  eu_ec_m10500_2021
  —  RESULT: SKIP — simplified procedure / no market-analysis sections (2 pages)
[817/2161  36%]  eu_ec_m10501_2021
  —  RESULT: SKIP — simplified procedure / no market-analysis sections (2 pages)
[818/2161  36%]  eu_ec_m10532_2021
  —  RESULT: SKIP — simplified procedure / no market-analysis sections (2 pages)
[819/2161  36%]  eu_ec_m10535_2022
  —  RESULT: SKIP — simplified procedure / no market-analysis sections (2 pages)
[820/2161  36%]  eu_ec_m10545_2022
  —  RESULT: SKIP — simplified procedure / no market-analysis sections (2 pages)
[821/2161  36%]  eu_ec_m10546_2022
  —  RESULT: SKIP — simplified procedure / no market-analysis sections (2 pages)
[822/2161  36%]  eu_ec_m10554_2022
  —  RESULT: SKIP — simplified procedure / no market-analysis sections (2 pages)
[823/2161  37%]  eu_ec_m10558_2021
  —  RESULT: SKIP — simplified procedure / no market-analysis sections (2 pages)
[824/2161  37%]  eu_ec_m10593_2022
  —  RESULT: SKIP — simplified procedure / no market-analysis sections (2 pages)
[825/2161  37%]  eu_ec_m10604_2022
  —  RESULT: SKIP — simplified procedure / no market-analysis sections (2 pages)
[826/2161  37%]  eu_ec_m10620_2022
  —  RESULT: SKIP — simplified procedure / no market-analysis sections (2 pages)
[827/2161  37%]  eu_ec_m10719_2022
  ✓  RESULT: PASS with 1 warning(s) — review before promoting
[828/2161  37%]  eu_ec_m10733_2022
  ✓  RESULT: PASS with 1 warning(s) — review before promoting
[829/2161  37%]  eu_ec_m10855_2023
  ✓  RESULT: PASS with 1 warning(s) — review before promoting
[830/2161  37%]  eu_ec_m10865_2022
  —  RESULT: SKIP — simplified procedure / no market-analysis sections (2 pages)
[831/2161  37%]  eu_ec_m10894_2022
  —  RESULT: SKIP — simplified procedure / no market-analysis sections (2 pages)
[832/2161  37%]  eu_ec_m11147_2023
  —  RESULT: SKIP — simplified procedure / no market-analysis sections (2 pages)
[833/2161  37%]  eu_ec_m11355_2024
  —  RESULT: SKIP — simplified procedure / no market-analysis sections (2 pages)
[834/2161  37%]  eu_ec_m11430_2024
  —  RESULT: SKIP — simplified procedure / no market-analysis sections (2 pages)
[835/2161  37%]  eu_ec_m11657_2024
  ✓  RESULT: PASS with 1 warning(s) — review before promoting
[836/2161  37%]  eu_ec_m11748_2024
  —  RESULT: SKIP — simplified procedure / no market-analysis sections (2 pages)
[837/2161  37%]  eu_ec_m11754_2024
  —  RESULT: SKIP — simplified procedure / no market-analysis sections (2 pages)
[838/2161  37%]  eu_ec_m11867_2025
  —  RESULT: SKIP — simplified procedure / no market-analysis sections (2 pages)
[839/2161  37%]  eu_ec_m11912_2025
  —  RESULT: SKIP — simplified procedure / no market-analysis sections (2 pages)
[840/2161  37%]  eu_ec_m11968_2025
  —  RESULT: SKIP — simplified procedure / no market-analysis sections (2 pages)
[841/2161  37%]  eu_ec_m12032_2025
  —  RESULT: SKIP — simplified procedure / no market-analysis sections (2 pages)
[842/2161  37%]  eu_ec_m12197_2025
  —  RESULT: SKIP — simplified procedure / no market-analysis sections (2 pages)
[843/2161  37%]  eu_ec_m9316_2020
  ✓  RESULT: PASS with 1 warning(s) — review before promoting
[844/2161  37%]  eu_ec_m9383_2020
  ✗  RESULT: BLOCKED — fix errors above before promoting to canonical
[845/2161  37%]  eu_ec_m9408_2020
  ✓  RESULT: PASS with 1 warning(s) — review before promoting
[846/2161  38%]  eu_ec_m9410_2020
  ✓  RESULT: PASS with 1 warning(s) — review before promoting
[847/2161  38%]  eu_ec_m9417_2020
  —  RESULT: SKIP — simplified procedure / no market-analysis sections (2 pages)
[848/2161  38%]  eu_ec_m9434_2020
  ✓  RESULT: PASS with 1 warning(s) — review before promoting
[849/2161  38%]  eu_ec_m9439_2020
  —  RESULT: SKIP — simplified procedure / no market-analysis sections (2 pages)
[850/2161  38%]  eu_ec_m9447_2020
  ✓  RESULT: PASS with 1 warning(s) — review before promoting
[851/2161  38%]  eu_ec_m9455_2020
  ✓  RESULT: PASS with 1 warning(s) — review before promoting
[852/2161  38%]  eu_ec_m9461_2020
  ✓  RESULT: PASS with 1 warning(s) — review before promoting
[853/2161  38%]  eu_ec_m9477_2020
  —  RESULT: SKIP — simplified procedure / no market-analysis sections (2 pages)
[854/2161  38%]  eu_ec_m9479_2020
  ✓  RESULT: PASS with 1 warning(s) — review before promoting
[855/2161  38%]  eu_ec_m9495_2020
  ✓  RESULT: PASS with 1 warning(s) — review before promoting
[856/2161  38%]  eu_ec_m9502_2020
  ✓  RESULT: PASS with 1 warning(s) — review before promoting
[857/2161  38%]  eu_ec_m9503_2020
  ✓  RESULT: PASS with 1 warning(s) — review before promoting
[858/2161  38%]  eu_ec_m9507_2020
  —  RESULT: SKIP — simplified procedure / no market-analysis sections (2 pages)
[859/2161  38%]  eu_ec_m9517_2020
  ✓  RESULT: PASS (coverage warning) — 36/157 pages selected; re-run with --full-market-definition-pass before promoting
[860/2161  38%]  eu_ec_m9521_2020
  —  RESULT: SKIP — simplified procedure / no market-analysis sections (2 pages)
[861/2161  38%]  eu_ec_m9546_2020
  ✓  RESULT: PASS with 1 warning(s) — review before promoting
[862/2161  38%]  eu_ec_m9554_2020
  ✗  RESULT: BLOCKED — fix errors above before promoting to canonical
[863/2161  38%]  eu_ec_m9559_2020
  ✓  RESULT: PASS with 1 warning(s) — review before promoting
[864/2161  38%]  eu_ec_m9560_2020
  ✓  RESULT: PASS with 1 warning(s) — review before promoting
[865/2161  38%]  eu_ec_m9572_2020
  —  RESULT: SKIP — simplified procedure / no market-analysis sections (2 pages)
[866/2161  38%]  eu_ec_m9574_2020
  —  RESULT: SKIP — simplified procedure / no market-analysis sections (2 pages)
[867/2161  38%]  eu_ec_m9585_2020
  ✓  RESULT: PASS with 1 warning(s) — review before promoting
[868/2161  39%]  eu_ec_m9587_2020
  ✓  RESULT: PASS with 1 warning(s) — review before promoting
[869/2161  39%]  eu_ec_m9592_2020
  ✓  RESULT: PASS with 1 warning(s) — review before promoting
[870/2161  39%]  eu_ec_m9593_2020
  —  RESULT: SKIP — simplified procedure / no market-analysis sections (2 pages)
[871/2161  39%]  eu_ec_m9594_2020
  —  RESULT: SKIP — simplified procedure / no market-analysis sections (2 pages)
[872/2161  39%]  eu_ec_m9602_2020
  —  RESULT: SKIP — simplified procedure / no market-analysis sections (2 pages)
[873/2161  39%]  eu_ec_m9604_2020
  ✓  RESULT: PASS with 1 warning(s) — review before promoting
[874/2161  39%]  eu_ec_m9610_2020
  —  RESULT: SKIP — simplified procedure / no market-analysis sections (2 pages)
[875/2161  39%]  eu_ec_m9612_2020
  —  RESULT: SKIP — simplified procedure / no market-analysis sections (2 pages)
[876/2161  39%]  eu_ec_m9615_2020
  —  RESULT: SKIP — simplified procedure / no market-analysis sections (2 pages)
[877/2161  39%]  eu_ec_m9623_2020
  ✓  RESULT: PASS with 1 warning(s) — review before promoting
[878/2161  39%]  eu_ec_m9626_2020
  ✓  RESULT: PASS with 1 warning(s) — review before promoting
[879/2161  39%]  eu_ec_m9628_2020
  —  RESULT: SKIP — simplified procedure / no market-analysis sections (2 pages)
[880/2161  39%]  eu_ec_m9629_2020
  —  RESULT: SKIP — simplified procedure / no market-analysis sections (2 pages)
[881/2161  39%]  eu_ec_m9633_2020
  —  RESULT: SKIP — simplified procedure / no market-analysis sections (2 pages)
[882/2161  39%]  eu_ec_m9635_2020
  —  RESULT: SKIP — simplified procedure / no market-analysis sections (2 pages)
[883/2161  39%]  eu_ec_m9636_2020
  —  RESULT: SKIP — simplified procedure / no market-analysis sections (2 pages)
[884/2161  39%]  eu_ec_m9638_2020
  —  RESULT: SKIP — simplified procedure / no market-analysis sections (2 pages)
[885/2161  39%]  eu_ec_m9640_2020
  —  RESULT: SKIP — simplified procedure / no market-analysis sections (2 pages)
[886/2161  39%]  eu_ec_m9641_2020
  ✓  RESULT: PASS with 1 warning(s) — review before promoting
[887/2161  39%]  eu_ec_m9642_2020
  —  RESULT: SKIP — simplified procedure / no market-analysis sections (2 pages)
[888/2161  39%]  eu_ec_m9646_2020
  —  RESULT: SKIP — simplified procedure / no market-analysis sections (2 pages)
[889/2161  39%]  eu_ec_m9647_2020
  —  RESULT: SKIP — simplified procedure / no market-analysis sections (2 pages)
[890/2161  40%]  eu_ec_m9649_2020
  —  RESULT: SKIP — simplified procedure / no market-analysis sections (2 pages)
[891/2161  40%]  eu_ec_m9656_2020
  —  RESULT: SKIP — simplified procedure / no market-analysis sections (2 pages)
[892/2161  40%]  eu_ec_m9658_2020
  —  RESULT: SKIP — simplified procedure / no market-analysis sections (2 pages)
[893/2161  40%]  eu_ec_m9659_2020
  —  RESULT: SKIP — simplified procedure / no market-analysis sections (2 pages)
[894/2161  40%]  eu_ec_m9665_2020
  —  RESULT: SKIP — simplified procedure / no market-analysis sections (2 pages)
[895/2161  40%]  eu_ec_m9667_2020
  —  RESULT: SKIP — simplified procedure / no market-analysis sections (2 pages)
[896/2161  40%]  eu_ec_m9668_2020
  —  RESULT: SKIP — simplified procedure / no market-analysis sections (2 pages)
[897/2161  40%]  eu_ec_m9669_2020
  ✓  RESULT: PASS with 1 warning(s) — review before promoting
[898/2161  40%]  eu_ec_m9670_2020
  —  RESULT: SKIP — simplified procedure / no market-analysis sections (2 pages)
[899/2161  40%]  eu_ec_m9673_2020
  ✓  RESULT: PASS with 1 warning(s) — review before promoting
[900/2161  40%]  eu_ec_m9674_2020
  ✓  RESULT: PASS with 1 warning(s) — review before promoting
[901/2161  40%]  eu_ec_m9675_2020
  —  RESULT: SKIP — simplified procedure / no market-analysis sections (2 pages)
[902/2161  40%]  eu_ec_m9676_2020
  ✓  RESULT: PASS with 1 warning(s) — review before promoting
[903/2161  40%]  eu_ec_m9677_2020
  ✓  RESULT: PASS with 1 warning(s) — review before promoting
[904/2161  40%]  eu_ec_m9678_2020
  —  RESULT: SKIP — simplified procedure / no market-analysis sections (2 pages)
[905/2161  40%]  eu_ec_m9679_2020
  ✓  RESULT: PASS with 1 warning(s) — review before promoting
[906/2161  40%]  eu_ec_m9681_2020
  —  RESULT: SKIP — simplified procedure / no market-analysis sections (2 pages)
[907/2161  40%]  eu_ec_m9683_2020
  —  RESULT: SKIP — simplified procedure / no market-analysis sections (2 pages)
[908/2161  40%]  eu_ec_m9684_2020
  —  RESULT: SKIP — simplified procedure / no market-analysis sections (2 pages)
[909/2161  40%]  eu_ec_m9686_2021
  ✓  RESULT: PASS with 1 warning(s) — review before promoting
[910/2161  40%]  eu_ec_m9687_2020
  —  RESULT: SKIP — simplified procedure / no market-analysis sections (2 pages)
[911/2161  40%]  eu_ec_m9688_2020
  —  RESULT: SKIP — simplified procedure / no market-analysis sections (2 pages)
[912/2161  41%]  eu_ec_m9689_2020
  —  RESULT: SKIP — simplified procedure / no market-analysis sections (2 pages)
[913/2161  41%]  eu_ec_m9691_2020
  —  RESULT: SKIP — simplified procedure / no market-analysis sections (2 pages)
[914/2161  41%]  eu_ec_m9693_2020
  —  RESULT: SKIP — simplified procedure / no market-analysis sections (2 pages)
[915/2161  41%]  eu_ec_m9695_2020
  ✓  RESULT: PASS with 1 warning(s) — review before promoting
[916/2161  41%]  eu_ec_m9696_2020
  —  RESULT: SKIP — simplified procedure / no market-analysis sections (2 pages)
[917/2161  41%]  eu_ec_m9698_2020
  —  RESULT: SKIP — simplified procedure / no market-analysis sections (2 pages)
[918/2161  41%]  eu_ec_m9699_2020
  —  RESULT: SKIP — simplified procedure / no market-analysis sections (2 pages)
[919/2161  41%]  eu_ec_m9700_2020
  —  RESULT: SKIP — simplified procedure / no market-analysis sections (3 pages)
[920/2161  41%]  eu_ec_m9701_2020
  —  RESULT: SKIP — simplified procedure / no market-analysis sections (2 pages)
[921/2161  41%]  eu_ec_m9703_2020
  —  RESULT: SKIP — simplified procedure / no market-analysis sections (2 pages)
[922/2161  41%]  eu_ec_m9704_2020
  —  RESULT: SKIP — simplified procedure / no market-analysis sections (2 pages)
[923/2161  41%]  eu_ec_m9705_2020
  ✓  RESULT: PASS with 1 warning(s) — review before promoting
[924/2161  41%]  eu_ec_m9707_2020
  —  RESULT: SKIP — simplified procedure / no market-analysis sections (2 pages)
[925/2161  41%]  eu_ec_m9708_2020
  —  RESULT: SKIP — simplified procedure / no market-analysis sections (2 pages)
[926/2161  41%]  eu_ec_m9710_2020
  —  RESULT: SKIP — simplified procedure / no market-analysis sections (2 pages)
[927/2161  41%]  eu_ec_m9711_2020
  ✓  RESULT: PASS with 1 warning(s) — review before promoting
[928/2161  41%]  eu_ec_m9712_2020
  —  RESULT: SKIP — simplified procedure / no market-analysis sections (2 pages)
[929/2161  41%]  eu_ec_m9713_2020
  —  RESULT: SKIP — simplified procedure / no market-analysis sections (2 pages)
[930/2161  41%]  eu_ec_m9714_2020
  —  RESULT: SKIP — simplified procedure / no market-analysis sections (2 pages)
[931/2161  41%]  eu_ec_m9715_2020
  —  RESULT: SKIP — simplified procedure / no market-analysis sections (2 pages)
[932/2161  41%]  eu_ec_m9716_2020
  ✓  RESULT: PASS with 1 warning(s) — review before promoting
[933/2161  42%]  eu_ec_m9717_2020
  —  RESULT: SKIP — simplified procedure / no market-analysis sections (2 pages)
[934/2161  42%]  eu_ec_m9718_2020
  —  RESULT: SKIP — simplified procedure / no market-analysis sections (2 pages)
[935/2161  42%]  eu_ec_m9719_2020
  —  RESULT: SKIP — simplified procedure / no market-analysis sections (2 pages)
[936/2161  42%]  eu_ec_m9721_2020
  —  RESULT: SKIP — simplified procedure / no market-analysis sections (2 pages)
[937/2161  42%]  eu_ec_m9722_2020
  —  RESULT: SKIP — simplified procedure / no market-analysis sections (2 pages)
[938/2161  42%]  eu_ec_m9723_2020
  —  RESULT: SKIP — simplified procedure / no market-analysis sections (2 pages)
[939/2161  42%]  eu_ec_m9724_2020
  —  RESULT: SKIP — simplified procedure / no market-analysis sections (2 pages)
[940/2161  42%]  eu_ec_m9726_2020
  —  RESULT: SKIP — simplified procedure / no market-analysis sections (2 pages)
[941/2161  42%]  eu_ec_m9727_2020
  —  RESULT: SKIP — simplified procedure / no market-analysis sections (2 pages)
[942/2161  42%]  eu_ec_m9731_2020
  —  RESULT: SKIP — simplified procedure / no market-analysis sections (2 pages)
[943/2161  42%]  eu_ec_m9733_2020
  —  RESULT: SKIP — simplified procedure / no market-analysis sections (2 pages)
[944/2161  42%]  eu_ec_m9734_2020
  —  RESULT: SKIP — simplified procedure / no market-analysis sections (2 pages)
[945/2161  42%]  eu_ec_m9735_2020
  —  RESULT: SKIP — simplified procedure / no market-analysis sections (2 pages)
[946/2161  42%]  eu_ec_m9736_2020
  ✓  RESULT: PASS with 1 warning(s) — review before promoting
[947/2161  42%]  eu_ec_m9737_2020
  —  RESULT: SKIP — simplified procedure / no market-analysis sections (2 pages)
[948/2161  42%]  eu_ec_m9739_2020
  —  RESULT: SKIP — simplified procedure / no market-analysis sections (2 pages)
[949/2161  42%]  eu_ec_m9740_2020
  —  RESULT: SKIP — simplified procedure / no market-analysis sections (2 pages)
[950/2161  42%]  eu_ec_m9741_2020
  —  RESULT: SKIP — simplified procedure / no market-analysis sections (14 pages)
[951/2161  42%]  eu_ec_m9742_2020
  —  RESULT: SKIP — simplified procedure / no market-analysis sections (2 pages)
[952/2161  42%]  eu_ec_m9744_2020
  ✓  RESULT: PASS with 1 warning(s) — review before promoting
[953/2161  42%]  eu_ec_m9745_2020
  —  RESULT: SKIP — simplified procedure / no market-analysis sections (2 pages)
[954/2161  42%]  eu_ec_m9746_2020
  —  RESULT: SKIP — simplified procedure / no market-analysis sections (2 pages)
[955/2161  43%]  eu_ec_m9747_2020
  —  RESULT: SKIP — simplified procedure / no market-analysis sections (2 pages)
[956/2161  43%]  eu_ec_m9749_2020
  —  RESULT: SKIP — simplified procedure / no market-analysis sections (2 pages)
[957/2161  43%]  eu_ec_m9750_2020
  —  RESULT: SKIP — simplified procedure / no market-analysis sections (2 pages)
[958/2161  43%]  eu_ec_m9751_2020
  —  RESULT: SKIP — simplified procedure / no market-analysis sections (2 pages)
[959/2161  43%]  eu_ec_m9754_2020
  —  RESULT: SKIP — simplified procedure / no market-analysis sections (2 pages)
[960/2161  43%]  eu_ec_m9755_2020
  —  RESULT: SKIP — simplified procedure / no market-analysis sections (2 pages)
[961/2161  43%]  eu_ec_m9756_2020
  ✓  RESULT: PASS with 1 warning(s) — review before promoting
[962/2161  43%]  eu_ec_m9758_2020
  —  RESULT: SKIP — simplified procedure / no market-analysis sections (2 pages)
[963/2161  43%]  eu_ec_m9759_2020
  ✗  Review:     /Users/bhavyasharma/open-market/data/drafts/eu/eu_ec_m9759_2020.market_definition.review.md
[964/2161  43%]  eu_ec_m9763_2020
  —  RESULT: SKIP — simplified procedure / no market-analysis sections (2 pages)
[965/2161  43%]  eu_ec_m9764_2020
  —  RESULT: SKIP — simplified procedure / no market-analysis sections (2 pages)
[966/2161  43%]  eu_ec_m9765_2020
  —  RESULT: SKIP — simplified procedure / no market-analysis sections (2 pages)
[967/2161  43%]  eu_ec_m9766_2020
  —  RESULT: SKIP — simplified procedure / no market-analysis sections (2 pages)
[968/2161  43%]  eu_ec_m9768_2020
  —  RESULT: SKIP — simplified procedure / no market-analysis sections (2 pages)
[969/2161  43%]  eu_ec_m9769_2020
  —  RESULT: SKIP — simplified procedure / no market-analysis sections (2 pages)
[970/2161  43%]  eu_ec_m9770_2020
  —  RESULT: SKIP — simplified procedure / no market-analysis sections (2 pages)
[971/2161  43%]  eu_ec_m9771_2020
  ✓  RESULT: PASS with 1 warning(s) — review before promoting
[972/2161  43%]  eu_ec_m9772_2020
  —  RESULT: SKIP — simplified procedure / no market-analysis sections (2 pages)
[973/2161  43%]  eu_ec_m9774_2020
  —  RESULT: SKIP — simplified procedure / no market-analysis sections (2 pages)
[974/2161  43%]  eu_ec_m9775_2020
  —  RESULT: SKIP — simplified procedure / no market-analysis sections (2 pages)
[975/2161  43%]  eu_ec_m9776_2020
  ✓  RESULT: PASS with 1 warning(s) — review before promoting
[976/2161  43%]  eu_ec_m9778_2020
  ✓  RESULT: PASS with 1 warning(s) — review before promoting
[977/2161  43%]  eu_ec_m9779_2020
  ✗  Review:     /Users/bhavyasharma/open-market/data/drafts/eu/eu_ec_m9779_2020.market_definition.review.md
[978/2161  43%]  eu_ec_m9780_2020
  —  RESULT: SKIP — simplified procedure / no market-analysis sections (2 pages)
[979/2161  44%]  eu_ec_m9782_2020
  —  RESULT: SKIP — simplified procedure / no market-analysis sections (2 pages)
[980/2161  44%]  eu_ec_m9783_2020
  —  RESULT: SKIP — simplified procedure / no market-analysis sections (2 pages)
[981/2161  44%]  eu_ec_m9784_2020
  —  RESULT: SKIP — simplified procedure / no market-analysis sections (2 pages)
[982/2161  44%]  eu_ec_m9785_2020
  —  RESULT: SKIP — simplified procedure / no market-analysis sections (2 pages)
[983/2161  44%]  eu_ec_m9786_2020
  —  RESULT: SKIP — simplified procedure / no market-analysis sections (2 pages)
[984/2161  44%]  eu_ec_m9787_2020
  —  RESULT: SKIP — simplified procedure / no market-analysis sections (2 pages)
[985/2161  44%]  eu_ec_m9788_2020
  —  RESULT: SKIP — simplified procedure / no market-analysis sections (2 pages)
[986/2161  44%]  eu_ec_m9789_2020
  —  RESULT: SKIP — simplified procedure / no market-analysis sections (2 pages)
[987/2161  44%]  eu_ec_m9790_2020
  ✓  RESULT: PASS with 1 warning(s) — review before promoting
[988/2161  44%]  eu_ec_m9791_2020
  —  RESULT: SKIP — simplified procedure / no market-analysis sections (2 pages)
[989/2161  44%]  eu_ec_m9793_2020
  —  RESULT: SKIP — simplified procedure / no market-analysis sections (2 pages)
[990/2161  44%]  eu_ec_m9794_2020
  —  RESULT: SKIP — simplified procedure / no market-analysis sections (2 pages)
[991/2161  44%]  eu_ec_m9796_2020
  ✓  RESULT: PASS with 1 warning(s) — review before promoting
[992/2161  44%]  eu_ec_m9797_2020
  —  RESULT: SKIP — simplified procedure / no market-analysis sections (2 pages)
[993/2161  44%]  eu_ec_m9798_2020
  ✓  RESULT: PASS with 1 warning(s) — review before promoting
[994/2161  44%]  eu_ec_m9799_2020
  —  RESULT: SKIP — simplified procedure / no market-analysis sections (2 pages)
[995/2161  44%]  eu_ec_m9801_2020
  —  RESULT: SKIP — simplified procedure / no market-analysis sections (2 pages)
[996/2161  44%]  eu_ec_m9802_2020
  ✓  RESULT: PASS with 1 warning(s) — review before promoting
[997/2161  44%]  eu_ec_m9803_2020
  —  RESULT: SKIP — simplified procedure / no market-analysis sections (2 pages)
[998/2161  44%]  eu_ec_m9804_2020
  —  RESULT: SKIP — simplified procedure / no market-analysis sections (2 pages)
[999/2161  44%]  eu_ec_m9806_2020
  —  RESULT: SKIP — simplified procedure / no market-analysis sections (2 pages)
[1000/2161  45%]  eu_ec_m9810_2020
  ✓  RESULT: PASS with 1 warning(s) — review before promoting
[1001/2161  45%]  eu_ec_m9811_2020
  —  RESULT: SKIP — simplified procedure / no market-analysis sections (2 pages)
[1002/2161  45%]  eu_ec_m9812_2020
  —  RESULT: SKIP — simplified procedure / no market-analysis sections (2 pages)
[1003/2161  45%]  eu_ec_m9813_2020
  —  RESULT: SKIP — simplified procedure / no market-analysis sections (2 pages)
[1004/2161  45%]  eu_ec_m9814_2020
  —  RESULT: SKIP — simplified procedure / no market-analysis sections (2 pages)
[1005/2161  45%]  eu_ec_m9815_2020
  ✓  RESULT: PASS with 1 warning(s) — review before promoting
[1006/2161  45%]  eu_ec_m9816_2020
  —  RESULT: SKIP — simplified procedure / no market-analysis sections (2 pages)
[1007/2161  45%]  eu_ec_m9817_2020
  —  RESULT: SKIP — simplified procedure / no market-analysis sections (2 pages)
[1008/2161  45%]  eu_ec_m9825_2020
  —  RESULT: SKIP — simplified procedure / no market-analysis sections (2 pages)
[1009/2161  45%]  eu_ec_m9826_2020
  —  RESULT: SKIP — simplified procedure / no market-analysis sections (2 pages)
[1010/2161  45%]  eu_ec_m9827_2020
  ✓  RESULT: PASS with 1 warning(s) — review before promoting
[1011/2161  45%]  eu_ec_m9828_2020
  —  RESULT: SKIP — simplified procedure / no market-analysis sections (2 pages)
[1012/2161  45%]  eu_ec_m9831_2020
  —  RESULT: SKIP — simplified procedure / no market-analysis sections (2 pages)
[1013/2161  45%]  eu_ec_m9833_2020
  —  RESULT: SKIP — simplified procedure / no market-analysis sections (2 pages)
[1014/2161  45%]  eu_ec_m9834_2020
  —  RESULT: SKIP — simplified procedure / no market-analysis sections (2 pages)
[1015/2161  45%]  eu_ec_m9836_2020
  —  RESULT: SKIP — simplified procedure / no market-analysis sections (2 pages)
[1016/2161  45%]  eu_ec_m9837_2021
  —  RESULT: SKIP — simplified procedure / no market-analysis sections (2 pages)
[1017/2161  45%]  eu_ec_m9838_2020
  —  RESULT: SKIP — simplified procedure / no market-analysis sections (2 pages)
[1018/2161  45%]  eu_ec_m9839_2020
  ✓  RESULT: PASS with 1 warning(s) — review before promoting
[1019/2161  45%]  eu_ec_m9840_2020
  —  RESULT: SKIP — simplified procedure / no market-analysis sections (2 pages)
[1020/2161  45%]  eu_ec_m9841_2020
  —  RESULT: SKIP — simplified procedure / no market-analysis sections (2 pages)
[1021/2161  45%]  eu_ec_m9842_2020
  —  RESULT: SKIP — simplified procedure / no market-analysis sections (2 pages)
[1022/2161  46%]  eu_ec_m9843_2020
  ✓  RESULT: PASS with 1 warning(s) — review before promoting
[1023/2161  46%]  eu_ec_m9844_2020
  —  RESULT: SKIP — simplified procedure / no market-analysis sections (2 pages)
[1024/2161  46%]  eu_ec_m9845_2020
  —  RESULT: SKIP — simplified procedure / no market-analysis sections (2 pages)
[1025/2161  46%]  eu_ec_m9848_2020
  —  RESULT: SKIP — simplified procedure / no market-analysis sections (2 pages)
[1026/2161  46%]  eu_ec_m9849_2020
  —  RESULT: SKIP — simplified procedure / no market-analysis sections (2 pages)
[1027/2161  46%]  eu_ec_m9850_2020
  —  RESULT: SKIP — simplified procedure / no market-analysis sections (2 pages)
[1028/2161  46%]  eu_ec_m9851_2020
  —  RESULT: SKIP — simplified procedure / no market-analysis sections (2 pages)
[1029/2161  46%]  eu_ec_m9853_2020
  ✓  RESULT: PASS with 1 warning(s) — review before promoting
[1030/2161  46%]  eu_ec_m9855_2020
  —  RESULT: SKIP — simplified procedure / no market-analysis sections (2 pages)
[1031/2161  46%]  eu_ec_m9856_2020
  —  RESULT: SKIP — simplified procedure / no market-analysis sections (2 pages)
[1032/2161  46%]  eu_ec_m9857_2021
  ✗  TypeError: unhashable type: 'dict'
[1033/2161  46%]  eu_ec_m9858_2020
  —  RESULT: SKIP — simplified procedure / no market-analysis sections (2 pages)
[1034/2161  46%]  eu_ec_m9859_2020
  —  RESULT: SKIP — simplified procedure / no market-analysis sections (2 pages)
[1035/2161  46%]  eu_ec_m9861_2020
  —  RESULT: SKIP — simplified procedure / no market-analysis sections (2 pages)
[1036/2161  46%]  eu_ec_m9864_2020
  —  RESULT: SKIP — simplified procedure / no market-analysis sections (2 pages)
[1037/2161  46%]  eu_ec_m9866_2020
  ✓  RESULT: PASS with 1 warning(s) — review before promoting
[1038/2161  46%]  eu_ec_m9867_2020
  —  RESULT: SKIP — simplified procedure / no market-analysis sections (2 pages)
[1039/2161  46%]  eu_ec_m9868_2020
  —  RESULT: SKIP — simplified procedure / no market-analysis sections (2 pages)
[1040/2161  46%]  eu_ec_m9869_2020
  —  RESULT: SKIP — simplified procedure / no market-analysis sections (2 pages)
[1041/2161  46%]  eu_ec_m9870_2020
  —  RESULT: SKIP — simplified procedure / no market-analysis sections (2 pages)
[1042/2161  46%]  eu_ec_m9872_2020
  —  RESULT: SKIP — simplified procedure / no market-analysis sections (2 pages)
[1043/2161  46%]  eu_ec_m9874_2020
  —  RESULT: SKIP — simplified procedure / no market-analysis sections (2 pages)
[1044/2161  47%]  eu_ec_m9875_2020
  —  RESULT: SKIP — simplified procedure / no market-analysis sections (2 pages)
[1045/2161  47%]  eu_ec_m9876_2020
  —  RESULT: SKIP — simplified procedure / no market-analysis sections (2 pages)
[1046/2161  47%]  eu_ec_m9877_2020
  —  RESULT: SKIP — simplified procedure / no market-analysis sections (2 pages)
[1047/2161  47%]  eu_ec_m9878_2020
  —  RESULT: SKIP — simplified procedure / no market-analysis sections (2 pages)
[1048/2161  47%]  eu_ec_m9879_2020
  —  RESULT: SKIP — simplified procedure / no market-analysis sections (2 pages)
[1049/2161  47%]  eu_ec_m9880_2020
  —  RESULT: SKIP — simplified procedure / no market-analysis sections (2 pages)
[1050/2161  47%]  eu_ec_m9881_2020
  —  RESULT: SKIP — simplified procedure / no market-analysis sections (2 pages)
[1051/2161  47%]  eu_ec_m9882_2020
  —  RESULT: SKIP — simplified procedure / no market-analysis sections (2 pages)
[1052/2161  47%]  eu_ec_m9883_2020
  ✓  RESULT: PASS with 1 warning(s) — review before promoting
[1053/2161  47%]  eu_ec_m9884_2020
  —  RESULT: SKIP — simplified procedure / no market-analysis sections (2 pages)
[1054/2161  47%]  eu_ec_m9885_2020
  —  RESULT: SKIP — simplified procedure / no market-analysis sections (2 pages)
[1055/2161  47%]  eu_ec_m9888_2020
  —  RESULT: SKIP — simplified procedure / no market-analysis sections (2 pages)
[1056/2161  47%]  eu_ec_m9889_2020
  —  RESULT: SKIP — simplified procedure / no market-analysis sections (2 pages)
[1057/2161  47%]  eu_ec_m9891_2020
  —  RESULT: SKIP — simplified procedure / no market-analysis sections (2 pages)
[1058/2161  47%]  eu_ec_m9892_2020
  —  RESULT: SKIP — simplified procedure / no market-analysis sections (2 pages)
[1059/2161  47%]  eu_ec_m9895_2020
  —  RESULT: SKIP — simplified procedure / no market-analysis sections (2 pages)
[1060/2161  47%]  eu_ec_m9897_2020
  —  RESULT: SKIP — simplified procedure / no market-analysis sections (2 pages)
[1061/2161  47%]  eu_ec_m9898_2020
  —  RESULT: SKIP — simplified procedure / no market-analysis sections (2 pages)
[1062/2161  47%]  eu_ec_m9899_2020
  —  RESULT: SKIP — simplified procedure / no market-analysis sections (2 pages)
[1063/2161  47%]  eu_ec_m9900_2020
  —  RESULT: SKIP — simplified procedure / no market-analysis sections (2 pages)
[1064/2161  47%]  eu_ec_m9901_2020
  —  RESULT: SKIP — simplified procedure / no market-analysis sections (2 pages)
[1065/2161  47%]  eu_ec_m9902_2020
  —  RESULT: SKIP — simplified procedure / no market-analysis sections (2 pages)
[1066/2161  48%]  eu_ec_m9903_2020
  —  RESULT: SKIP — simplified procedure / no market-analysis sections (2 pages)
[1067/2161  48%]  eu_ec_m9904_2020
  —  RESULT: SKIP — simplified procedure / no market-analysis sections (2 pages)
[1068/2161  48%]  eu_ec_m9905_2020
  —  RESULT: SKIP — simplified procedure / no market-analysis sections (2 pages)
[1069/2161  48%]  eu_ec_m9906_2020
  —  RESULT: SKIP — simplified procedure / no market-analysis sections (2 pages)
[1070/2161  48%]  eu_ec_m9907_2020
  —  RESULT: SKIP — simplified procedure / no market-analysis sections (2 pages)
[1071/2161  48%]  eu_ec_m9910_2020
  —  RESULT: SKIP — simplified procedure / no market-analysis sections (2 pages)
[1072/2161  48%]  eu_ec_m9912_2020
  —  RESULT: SKIP — simplified procedure / no market-analysis sections (2 pages)
[1073/2161  48%]  eu_ec_m9913_2020
  —  RESULT: SKIP — simplified procedure / no market-analysis sections (2 pages)
[1074/2161  48%]  eu_ec_m9915_2020
  —  RESULT: SKIP — simplified procedure / no market-analysis sections (2 pages)
[1075/2161  48%]  eu_ec_m9917_2020
  —  RESULT: SKIP — simplified procedure / no market-analysis sections (2 pages)
[1076/2161  48%]  eu_ec_m9918_2020
  —  RESULT: SKIP — simplified procedure / no market-analysis sections (2 pages)
[1077/2161  48%]  eu_ec_m9920_2020
  —  RESULT: SKIP — simplified procedure / no market-analysis sections (2 pages)
[1078/2161  48%]  eu_ec_m9922_2020
  —  RESULT: SKIP — simplified procedure / no market-analysis sections (2 pages)
[1079/2161  48%]  eu_ec_m9925_2020
  —  RESULT: SKIP — simplified procedure / no market-analysis sections (2 pages)
[1080/2161  48%]  eu_ec_m9926_2021
  ✗  RESULT: BLOCKED — fix errors above before promoting to canonical
[1081/2161  48%]  eu_ec_m9927_2020
  —  RESULT: SKIP — simplified procedure / no market-analysis sections (2 pages)
[1082/2161  48%]  eu_ec_m9928_2020
  —  RESULT: SKIP — simplified procedure / no market-analysis sections (2 pages)
[1083/2161  48%]  eu_ec_m9929_2020
  ✓  RESULT: PASS with 1 warning(s) — review before promoting
[1084/2161  48%]  eu_ec_m9930_2020
  —  RESULT: SKIP — simplified procedure / no market-analysis sections (3 pages)
[1085/2161  48%]  eu_ec_m9931_2020
  —  RESULT: SKIP — simplified procedure / no market-analysis sections (2 pages)
[1086/2161  48%]  eu_ec_m9933_2020
  —  RESULT: SKIP — simplified procedure / no market-analysis sections (2 pages)
[1087/2161  48%]  eu_ec_m9934_2021
  ✓  RESULT: PASS with 1 warning(s) — review before promoting
[1088/2161  48%]  eu_ec_m9935_2020
  —  RESULT: SKIP — simplified procedure / no market-analysis sections (2 pages)
[1089/2161  49%]  eu_ec_m9936_2020
  ✓  RESULT: PASS with 1 warning(s) — review before promoting
[1090/2161  49%]  eu_ec_m9937_2020
  —  RESULT: SKIP — simplified procedure / no market-analysis sections (2 pages)
[1091/2161  49%]  eu_ec_m9939_2020
  —  RESULT: SKIP — simplified procedure / no market-analysis sections (2 pages)
[1092/2161  49%]  eu_ec_m9940_2020
  —  RESULT: SKIP — simplified procedure / no market-analysis sections (2 pages)
[1093/2161  49%]  eu_ec_m9941_2020
  —  RESULT: SKIP — simplified procedure / no market-analysis sections (2 pages)
[1094/2161  49%]  eu_ec_m9942_2020
  —  RESULT: SKIP — simplified procedure / no market-analysis sections (2 pages)
[1095/2161  49%]  eu_ec_m9945_2021
  ✓  RESULT: PASS with 1 warning(s) — review before promoting
[1096/2161  49%]  eu_ec_m9946_2020
  —  RESULT: SKIP — simplified procedure / no market-analysis sections (2 pages)
[1097/2161  49%]  eu_ec_m9948_2020
  —  RESULT: SKIP — simplified procedure / no market-analysis sections (2 pages)
[1098/2161  49%]  eu_ec_m9950_2020
  —  RESULT: SKIP — simplified procedure / no market-analysis sections (2 pages)
[1099/2161  49%]  eu_ec_m9951_2020
  —  RESULT: SKIP — simplified procedure / no market-analysis sections (2 pages)
[1100/2161  49%]  eu_ec_m9953_2020
  —  RESULT: SKIP — simplified procedure / no market-analysis sections (2 pages)
[1101/2161  49%]  eu_ec_m9954_2020
  —  RESULT: SKIP — simplified procedure / no market-analysis sections (2 pages)
[1102/2161  49%]  eu_ec_m9955_2020
  —  RESULT: SKIP — simplified procedure / no market-analysis sections (2 pages)
[1103/2161  49%]  eu_ec_m9956_2021
  —  RESULT: SKIP — simplified procedure / no market-analysis sections (2 pages)
[1104/2161  49%]  eu_ec_m9957_2020
  —  RESULT: SKIP — simplified procedure / no market-analysis sections (2 pages)
[1105/2161  49%]  eu_ec_m9959_2020
  —  RESULT: SKIP — simplified procedure / no market-analysis sections (2 pages)
[1106/2161  49%]  eu_ec_m9960_2020
  —  RESULT: SKIP — simplified procedure / no market-analysis sections (2 pages)
[1107/2161  49%]  eu_ec_m9962_2020
  ✓  RESULT: PASS with 1 warning(s) — review before promoting
[1108/2161  49%]  eu_ec_m9963_2020
  ✓  RESULT: PASS with 1 warning(s) — review before promoting
[1109/2161  49%]  eu_ec_m9965_2020
  —  RESULT: SKIP — simplified procedure / no market-analysis sections (2 pages)
[1110/2161  50%]  eu_ec_m9966_2020
  —  RESULT: SKIP — simplified procedure / no market-analysis sections (2 pages)
[1111/2161  50%]  eu_ec_m9967_2020
  —  RESULT: SKIP — simplified procedure / no market-analysis sections (2 pages)
[1112/2161  50%]  eu_ec_m9968_2020
  ✓  RESULT: PASS with 1 warning(s) — review before promoting
[1113/2161  50%]  eu_ec_m9970_2021
  —  RESULT: SKIP — simplified procedure / no market-analysis sections (2 pages)
[1114/2161  50%]  eu_ec_m9971_2021
  ✓  RESULT: PASS with 1 warning(s) — review before promoting
[1115/2161  50%]  eu_ec_m9972_2020
  —  RESULT: SKIP — simplified procedure / no market-analysis sections (2 pages)
[1116/2161  50%]  eu_ec_m9973_2020
  —  RESULT: SKIP — simplified procedure / no market-analysis sections (2 pages)
[1117/2161  50%]  eu_ec_m9975_2020
  —  RESULT: SKIP — simplified procedure / no market-analysis sections (2 pages)
[1118/2161  50%]  eu_ec_m9976_2020
  —  RESULT: SKIP — simplified procedure / no market-analysis sections (2 pages)
[1119/2161  50%]  eu_ec_m9977_2020
  —  RESULT: SKIP — simplified procedure / no market-analysis sections (2 pages)
[1120/2161  50%]  eu_ec_m9979_2020
  —  RESULT: SKIP — simplified procedure / no market-analysis sections (2 pages)
[1121/2161  50%]  eu_ec_m9981_2021
  ✓  RESULT: PASS with 1 warning(s) — review before promoting
[1122/2161  50%]  eu_ec_m9982_2020
  —  RESULT: SKIP — simplified procedure / no market-analysis sections (2 pages)
[1123/2161  50%]  eu_ec_m9983_2020
  —  RESULT: SKIP — simplified procedure / no market-analysis sections (2 pages)
[1124/2161  50%]  eu_ec_m9984_2020
  —  RESULT: SKIP — simplified procedure / no market-analysis sections (2 pages)
[1125/2161  50%]  eu_ec_m9985_2020
  ✓  RESULT: PASS with 1 warning(s) — review before promoting
[1126/2161  50%]  eu_ec_m9986_2020
  —  RESULT: SKIP — simplified procedure / no market-analysis sections (2 pages)
[1127/2161  50%]  eu_ec_m9988_2020
  —  RESULT: SKIP — simplified procedure / no market-analysis sections (2 pages)
[1128/2161  50%]  eu_ec_m9989_2020
  —  RESULT: SKIP — simplified procedure / no market-analysis sections (2 pages)
[1129/2161  50%]  eu_ec_m9991_2020
  —  RESULT: SKIP — simplified procedure / no market-analysis sections (2 pages)
[1130/2161  50%]  eu_ec_m9993_2020
  —  RESULT: SKIP — simplified procedure / no market-analysis sections (2 pages)
[1131/2161  50%]  eu_ec_m9994_2020
  —  RESULT: SKIP — simplified procedure / no market-analysis sections (2 pages)
[1132/2161  51%]  eu_ec_m9995_2020
  ✓  RESULT: PASS with 1 warning(s) — review before promoting
[1133/2161  51%]  eu_ec_m9996_2020
  —  RESULT: SKIP — simplified procedure / no market-analysis sections (2 pages)
[1134/2161  51%]  eu_ec_m9998_2020
  —  RESULT: SKIP — simplified procedure / no market-analysis sections (2 pages)
[1135/2161  51%]  eu_ec_m9999_2020
  —  RESULT: SKIP — simplified procedure / no market-analysis sections (2 pages)
[1136/2161  51%]  eu_ecdc_hpil_jv_2022
  —  RESULT: SKIP — simplified procedure / no market-analysis sections (2 pages)
[1137/2161  51%]  eu_echelon_dc_iberdrola_cpd4green_centro_de_datos_2025
  —  RESULT: SKIP — simplified procedure / no market-analysis sections (2 pages)
[1138/2161  51%]  eu_eci_fast_group_candidate_case_for__2026
  —  RESULT: SKIP — simplified procedure / no market-analysis sections (2 pages)
[1139/2161  51%]  eu_edf_deutschland_hazwei_hypion_motion_neumnster_jv_2023
  —  RESULT: SKIP — simplified procedure / no market-analysis sections (2 pages)
[1140/2161  51%]  eu_edf_generali_parcolog_2024
  —  RESULT: SKIP — simplified procedure / no market-analysis sections (2 pages)
[1141/2161  51%]  eu_edf_neoenergia_energtica_guas_da_pedra_jv_2026
  —  RESULT: SKIP — simplified procedure / no market-analysis sections (2 pages)
[1142/2161  51%]  eu_edf_samsung_group_euro_living_2025
  —  RESULT: SKIP — simplified procedure / no market-analysis sections (2 pages)
[1143/2161  51%]  eu_edf_sekg_nebras_2023
  —  RESULT: SKIP — simplified procedure / no market-analysis sections (2 pages)
[1144/2161  51%]  eu_edf_sojitz_corporation_nebras_power_2022
  —  RESULT: SKIP — simplified procedure / no market-analysis sections (2 pages)
[1145/2161  51%]  eu_edf_vauban_infrastructure_partners_ontower_austria_2024
  —  RESULT: SKIP — simplified procedure / no market-analysis sections (2 pages)
[1146/2161  51%]  eu_edfi_mubadala_emerge_jv_2022
  —  RESULT: SKIP — simplified procedure / no market-analysis sections (2 pages)
[1147/2161  51%]  eu_edft_jera_powerco_2025
  —  RESULT: SKIP — simplified procedure / no market-analysis sections (2 pages)
[1148/2161  51%]  eu_edp_masaveu_aboo_generaciones_elctricas_2023
  —  RESULT: SKIP — simplified procedure / no market-analysis sections (2 pages)
[1149/2161  51%]  eu_eee_edf_rp_me_kobiernice_2026
  —  RESULT: SKIP — simplified procedure / no market-analysis sections (2 pages)
[1150/2161  51%]  eu_eep_ara_stonepeak_2025
  —  RESULT: SKIP — simplified procedure / no market-analysis sections (2 pages)
[1151/2161  51%]  eu_efms_blackstone_urbaser_2026
  —  RESULT: SKIP — simplified procedure / no market-analysis sections (2 pages)
[1152/2161  51%]  eu_efms_desotec_2026
  —  RESULT: SKIP — simplified procedure / no market-analysis sections (2 pages)
[1153/2161  52%]  eu_efms_gic_acquirers_kelda_group_2026
  —  RESULT: SKIP — simplified procedure / no market-analysis sections (2 pages)
[1154/2161  52%]  eu_efms_goldman_sachs_parexel_2021
  —  RESULT: SKIP — simplified procedure / no market-analysis sections (2 pages)
[1155/2161  52%]  eu_efms_leigh_calisen_midco_i_2025
  —  RESULT: SKIP — simplified procedure / no market-analysis sections (2 pages)
[1156/2161  52%]  eu_efms_oem_international_2025
  —  RESULT: SKIP — simplified procedure / no market-analysis sections (2 pages)
[1157/2161  52%]  eu_efms_ox2_2024
  —  RESULT: SKIP — simplified procedure / no market-analysis sections (2 pages)
[1158/2161  52%]  eu_efms_permira_universidad_europea_2024
  —  RESULT: SKIP — simplified procedure / no market-analysis sections (2 pages)
[1159/2161  52%]  eu_efms_pspib_radius_2023
  —  RESULT: SKIP — simplified procedure / no market-analysis sections (2 pages)
[1160/2161  52%]  eu_efms_sk_square_sk_shieldus_2023
  —  RESULT: SKIP — simplified procedure / no market-analysis sections (2 pages)
[1161/2161  52%]  eu_egeria_isoplus_group_brugg_2022
  —  RESULT: SKIP — simplified procedure / no market-analysis sections (2 pages)
[1162/2161  52%]  eu_eiffage_eqos_2024
  ✓  RESULT: PASS with 2 warning(s) — review before promoting
[1163/2161  52%]  eu_eiffage_group_salvia_holding_salvia_group_2024
  —  RESULT: SKIP — simplified procedure / no market-analysis sections (2 pages)
[1164/2161  52%]  eu_eim_brookfield_nielsen_2022
  —  RESULT: SKIP — simplified procedure / no market-analysis sections (2 pages)
[1165/2161  52%]  eu_eim_pdvh_2026
  —  RESULT: SKIP — simplified procedure / no market-analysis sections (2 pages)
[1166/2161  52%]  eu_elia_glentra_energyre_2024
  —  RESULT: SKIP — simplified procedure / no market-analysis sections (2 pages)
[1167/2161  52%]  eu_elkem_hydro_energi_invest_altor_fund_manager_2022
  —  RESULT: SKIP — simplified procedure / no market-analysis sections (2 pages)
[1168/2161  52%]  eu_elp_pciv_jv_2026
  —  RESULT: SKIP — simplified procedure / no market-analysis sections (2 pages)
[1169/2161  52%]  eu_emerson_ni_2023
  —  RESULT: SKIP — simplified procedure / no market-analysis sections (2 pages)
[1170/2161  52%]  eu_emif_ii_holding_ac_ac_logistics_holdings_corporat_2025
  —  RESULT: SKIP — simplified procedure / no market-analysis sections (2 pages)
[1171/2161  52%]  eu_emil_frey_fca_central_and_eastern_europe_fiat_chrysler_automobiles_cr_2022
  ✓  RESULT: PASS with 2 warning(s) — review before promoting
[1172/2161  52%]  eu_emk_builtech_group_2026
  —  RESULT: SKIP — simplified procedure / no market-analysis sections (2 pages)
[1173/2161  52%]  eu_emk_capital_management_limited_project_informatica_2026
  —  RESULT: SKIP — simplified procedure / no market-analysis sections (2 pages)
[1174/2161  52%]  eu_enbridge_mplx_isq_2024
  —  RESULT: SKIP — simplified procedure / no market-analysis sections (2 pages)
[1175/2161  53%]  eu_eneco_mainport_holding_rotterdam_rotterdam_shore_power_jv_2025
  —  RESULT: SKIP — simplified procedure / no market-analysis sections (2 pages)
[1176/2161  53%]  eu_enel_cvc_capital_partners_gridspertise_2022
  —  RESULT: SKIP — simplified procedure / no market-analysis sections (2 pages)
[1177/2161  53%]  eu_engie_efs_idesamgar_2023
  —  RESULT: SKIP — simplified procedure / no market-analysis sections (2 pages)
[1178/2161  53%]  eu_engie_macquarie_mpbv_2024
  —  RESULT: SKIP — simplified procedure / no market-analysis sections (2 pages)
[1179/2161  53%]  eu_engie_macquarie_tag_south_2024
  —  RESULT: SKIP — simplified procedure / no market-analysis sections (2 pages)
[1180/2161  53%]  eu_engie_spain_predica_eolia_2022
  —  RESULT: SKIP — simplified procedure / no market-analysis sections (2 pages)
[1181/2161  53%]  eu_eni_neptune_2023
  —  RESULT: SKIP — simplified procedure / no market-analysis sections (2 pages)
[1182/2161  53%]  eu_eni_sonatrach_equinor_2022
  ✓  RESULT: PASS with 2 warning(s) — review before promoting
[1183/2161  53%]  eu_enilive_lg_chem_jv_2024
  —  RESULT: SKIP — simplified procedure / no market-analysis sections (2 pages)
[1184/2161  53%]  eu_ennoconn_sumitomo_mic_sc_semiconductor_jv_2026
  —  RESULT: SKIP — simplified procedure / no market-analysis sections (2 pages)
[1185/2161  53%]  eu_enstall_schletter_2024
  ✓  RESULT: PASS with 2 warning(s) — review before promoting
[1186/2161  53%]  eu_eon_fsi_westenergie_breitband_2022
  —  RESULT: SKIP — simplified procedure / no market-analysis sections (2 pages)
[1187/2161  53%]  eu_ep_corporate_group_leb_lek_2023
  —  RESULT: SKIP — simplified procedure / no market-analysis sections (2 pages)
[1188/2161  53%]  eu_ep_power_europe_camden_2023
  —  RESULT: SKIP — simplified procedure / no market-analysis sections (2 pages)
[1189/2161  53%]  eu_epcg_ids_2025
  ✓  RESULT: PASS with 1 warning(s) — review before promoting
[1190/2161  53%]  eu_epcg_jtcp_tymon_2023
  —  RESULT: SKIP — simplified procedure / no market-analysis sections (2 pages)
[1191/2161  53%]  eu_epei_atos_tf_business_2023
  —  RESULT: SKIP — simplified procedure / no market-analysis sections (2 pages)
[1192/2161  53%]  eu_epei_aures_holdings_2026
  —  RESULT: SKIP — simplified procedure / no market-analysis sections (2 pages)
[1193/2161  53%]  eu_epei_casino_2024
  —  RESULT: SKIP — simplified procedure / no market-analysis sections (2 pages)
[1194/2161  53%]  eu_eph_se_2025
  —  RESULT: SKIP — simplified procedure / no market-analysis sections (2 pages)
[1195/2161  53%]  eu_eph_tte_efg_2026
  —  RESULT: SKIP — simplified procedure / no market-analysis sections (2 pages)
[1196/2161  53%]  eu_eppe_pzem_subsidiaries_2022
  —  RESULT: SKIP — simplified procedure / no market-analysis sections (2 pages)
[1197/2161  54%]  eu_epr_uniper_group_trading_assets_2024
  —  RESULT: SKIP — simplified procedure / no market-analysis sections (2 pages)
[1198/2161  54%]  eu_epta_hauser_2026
  ✓  RESULT: PASS with 2 warning(s) — review before promoting
[1199/2161  54%]  eu_eqt_bpea_2022
  —  RESULT: SKIP — simplified procedure / no market-analysis sections (2 pages)
[1200/2161  54%]  eu_eqt_cerba_2021
  —  RESULT: SKIP — simplified procedure / no market-analysis sections (2 pages)
[1201/2161  54%]  eu_eqt_dechra_2023
  ✗  TIMEOUT — case exceeded 6 min limit (stalled PDF fetch or API call)
[1202/2161  54%]  eu_eqt_future_am_fresh_snfl_2023
  ✗  ERROR: No PDF caches available — cannot proceed with extraction
[1203/2161  54%]  eu_eqt_hf_zooplus_2021
  ✗  ERROR: No PDF caches available — cannot proceed with extraction
[1204/2161  54%]  eu_eqt_trescal_2023
  ✗  ERROR: No PDF caches available — cannot proceed with extraction
[1205/2161  54%]  eu_equinor_shell_totalenergies_2024
  ✗  ERROR: No PDF caches available — cannot proceed with extraction
[1206/2161  54%]  eu_equinor_sse_triton_power_2022
  ✗  ERROR: No PDF caches available — cannot proceed with extraction
[1207/2161  54%]  eu_equitix_baltic_cable_greenlink_2025
  ✗  ERROR: No PDF caches available — cannot proceed with extraction
[1208/2161  54%]  eu_equitix_cube_river_ridge_2023
  ✗  ERROR: No PDF caches available — cannot proceed with extraction
[1209/2161  54%]  eu_equitix_kkr_planets_2026
  ✗  ERROR: No PDF caches available — cannot proceed with extraction
[1210/2161  54%]  eu_erg_apex_project_pinnacle_i_2024
  ✗  ERROR: No PDF caches available — cannot proceed with extraction
[1211/2161  54%]  eu_ergo_asg_bvv_2025
  ✗  ERROR: No PDF caches available — cannot proceed with extraction
[1212/2161  54%]  eu_ermenegildo_zegna_the_estee_lauder_companies_tom_ford_international_2023
  ✗  ERROR: No PDF caches available — cannot proceed with extraction
[1213/2161  54%]  eu_erste_holding_sbp_2025
  ✗  ERROR: No PDF caches available — cannot proceed with extraction
[1214/2161  54%]  eu_estavayer_lait_givaudan_bhler_2022
  ✗  ERROR: No PDF caches available — cannot proceed with extraction
[1215/2161  54%]  eu_eta_spl_sp_mobility_2025
  ✗  ERROR: No PDF caches available — cannot proceed with extraction
[1216/2161  54%]  eu_etex_xi_insmat_holdings_candidate_c_2022
  ✗  ERROR: No PDF caches available — cannot proceed with extraction
[1217/2161  54%]  eu_eurazeo_bci_pcp_2023
  ✗  ERROR: No PDF caches available — cannot proceed with extraction
[1218/2161  54%]  eu_eurazeo_cme_proteor_2025
  ✗  ERROR: No PDF caches available — cannot proceed with extraction
[1219/2161  54%]  eu_eurazeo_netco_2026
  ✗  ERROR: No PDF caches available — cannot proceed with extraction
[1220/2161  54%]  eu_eurazeo_pspib_fst_hotels_2022
  ✗  ERROR: No PDF caches available — cannot proceed with extraction
[1221/2161  54%]  eu_exyte_kinetics_2024
  ✗  ERROR: No PDF caches available — cannot proceed with extraction
[1222/2161  54%]  eu_f2i_gvm_generation_and_supply_business_2022
  ✗  ERROR: No PDF caches available — cannot proceed with extraction
[1223/2161  54%]  eu_faerch_paccor_2022
  ✗  ERROR: No PDF caches available — cannot proceed with extraction
[1224/2161  54%]  eu_farfetch_richemont_ynap_2023
  ✗  ERROR: No PDF caches available — cannot proceed with extraction
[1225/2161  54%]  eu_fastighets_balder_folksam_entities_sinoma_fastighets_2024
  ✗  ERROR: No PDF caches available — cannot proceed with extraction
[1226/2161  54%]  eu_faurecia_hella_2022
  ✗  ERROR: No PDF caches available — cannot proceed with extraction
[1227/2161  54%]  eu_ferrero_group_cpk_2025
  ✗  ERROR: No PDF caches available — cannot proceed with extraction
[1228/2161  54%]  eu_fertinagro_ameropa_ameropa_biotech_2024
  ✗  ERROR: No PDF caches available — cannot proceed with extraction
[1229/2161  54%]  eu_fev_consulting_mitsubishi_corporation_jv_2022
  ✗  ERROR: No PDF caches available — cannot proceed with extraction
[1230/2161  54%]  eu_firmenich_international_koninklijke_dsm_2023
  ✗  ERROR: No PDF caches available — cannot proceed with extraction
[1231/2161  54%]  eu_first_dutch_group_cefetra_2025
  ✗  ERROR: No PDF caches available — cannot proceed with extraction
[1232/2161  54%]  eu_first_reserve_fortress_ies_2025
  ✗  ERROR: No PDF caches available — cannot proceed with extraction
[1233/2161  54%]  eu_five_arrows_cheetah_solvares_2024
  ✗  ERROR: No PDF caches available — cannot proceed with extraction
[1234/2161  54%]  eu_five_arrows_dbag_totalmobile_2026
  ✗  ERROR: No PDF caches available — cannot proceed with extraction
[1235/2161  54%]  eu_five_arrows_ta_associates_agilio_candidate_case_for_simp_2024
  ✗  ERROR: No PDF caches available — cannot proceed with extraction
[1236/2161  54%]  eu_five_arrows_vista_starrez_2026
  ✗  ERROR: No PDF caches available — cannot proceed with extraction
[1237/2161  54%]  eu_flutter_entertainment_sisal_2022
  ✗  ERROR: No PDF caches available — cannot proceed with extraction
[1238/2161  54%]  eu_fnac_darty_unieuro_2024
  ✗  ERROR: No PDF caches available — cannot proceed with extraction
[1239/2161  54%]  eu_ford_bmw_honda_2024
  ✗  ERROR: No PDF caches available — cannot proceed with extraction
[1240/2161  54%]  eu_ford_otosan_ford_romania_2022
  ✗  ERROR: No PDF caches available — cannot proceed with extraction
[1241/2161  54%]  eu_forfarmers_dlg_forfarmers_team_agrar_jv_2024
  ✗  ERROR: No PDF caches available — cannot proceed with extraction
[1242/2161  54%]  eu_fortress_investment_group_air_investment_valencia_jv_2023
  ✗  ERROR: No PDF caches available — cannot proceed with extraction
[1243/2161  54%]  eu_fortum_markets_telge_energi_2023
  ✗  ERROR: No PDF caches available — cannot proceed with extraction
[1244/2161  54%]  eu_fowi_mol_toho_2022
  ✗  ERROR: No PDF caches available — cannot proceed with extraction
[1245/2161  54%]  eu_foxconn_ev_zf_zf_chassis_modules_2023
  ✗  ERROR: No PDF caches available — cannot proceed with extraction
[1246/2161  54%]  eu_foxconn_mftbc_mfbm_2026
  ✗  ERROR: No PDF caches available — cannot proceed with extraction
[1247/2161  54%]  eu_francisco_partners_ta_associates_orisha_2024
  ✗  ERROR: No PDF caches available — cannot proceed with extraction
[1248/2161  54%]  eu_franklin_resources_bny_alcentra_group_holdings_2022
  ✗  ERROR: No PDF caches available — cannot proceed with extraction
[1249/2161  54%]  eu_frasers_xxl_2025
  ✗  ERROR: No PDF caches available — cannot proceed with extraction
[1250/2161  54%]  eu_freudenberg_nilfisk_2026
  ✗  ERROR: No PDF caches available — cannot proceed with extraction
[1251/2161  54%]  eu_frieslandcampina_milcobel_2025
  ✗  ERROR: No PDF caches available — cannot proceed with extraction
[1252/2161  54%]  eu_fs_investments_kkr_wittur_2024
  ✗  ERROR: No PDF caches available — cannot proceed with extraction
[1253/2161  54%]  eu_fsk_ares_production_resource_group_2025
  ✗  ERROR: No PDF caches available — cannot proceed with extraction
[1254/2161  54%]  eu_fsn_capital_vi_optigroup_hygas_2022
  ✗  ERROR: No PDF caches available — cannot proceed with extraction
[1255/2161  54%]  eu_ga_ta_tysl_topco_candidate_case_for__2025
  ✗  ERROR: No PDF caches available — cannot proceed with extraction
[1256/2161  54%]  eu_gamalife_going_concern_of_zurich_invest_2022
  ✗  ERROR: No PDF caches available — cannot proceed with extraction
[1257/2161  54%]  eu_gatx_brookfield_infrastructure_wells_fargo_rail_assets_2025
  ✗  ERROR: No PDF caches available — cannot proceed with extraction
[1258/2161  54%]  eu_gbl_affidea_2022
  ✗  ERROR: No PDF caches available — cannot proceed with extraction
[1259/2161  54%]  eu_gbl_cvc_rayner_2026
  ✗  ERROR: No PDF caches available — cannot proceed with extraction
[1260/2161  54%]  eu_gca_bpma_va_2023
  ✗  ERROR: No PDF caches available — cannot proceed with extraction
[1261/2161  54%]  eu_gca_stellantis_ald_2023
  ✗  ERROR: No PDF caches available — cannot proceed with extraction
[1262/2161  54%]  eu_geely_renault_renault_korea_motors_2022
  ✗  ERROR: No PDF caches available — cannot proceed with extraction
[1263/2161  54%]  eu_general_atlantic_l_catterton_dogmates_2023
  ✗  ERROR: No PDF caches available — cannot proceed with extraction
[1264/2161  54%]  eu_general_atlantic_psg_hostaway_2025
  ✗  ERROR: No PDF caches available — cannot proceed with extraction
[1265/2161  54%]  eu_generali_france_la_mdicale_2022
  ✗  ERROR: No PDF caches available — cannot proceed with extraction
[1266/2161  54%]  eu_generali_liberty_seguros_2024
  ✗  ERROR: No PDF caches available — cannot proceed with extraction
[1267/2161  54%]  eu_generali_real_estate_munich_re_saxon_land_2022
  ✗  ERROR: No PDF caches available — cannot proceed with extraction
[1268/2161  54%]  eu_genstar_capital_gtcr_jssi_2022
  ✗  ERROR: No PDF caches available — cannot proceed with extraction
[1269/2161  54%]  eu_genstar_capital_mdp_lightspeed_2022
  ✗  ERROR: No PDF caches available — cannot proceed with extraction
[1270/2161  54%]  eu_genstar_ta_affinipay_2024
  ✗  ERROR: No PDF caches available — cannot proceed with extraction
[1271/2161  54%]  eu_geodis_international_transoflex_express_2023
  ✗  ERROR: No PDF caches available — cannot proceed with extraction
[1272/2161  54%]  eu_geogas_nyk_dif_2024
  ✗  ERROR: No PDF caches available — cannot proceed with extraction
[1273/2161  54%]  eu_georg_fischer_uponor_2023
  ✗  ERROR: No PDF caches available — cannot proceed with extraction
[1274/2161  54%]  eu_gharage_dufry_international_jet_central_core_2024
  ✗  ERROR: No PDF caches available — cannot proceed with extraction
[1275/2161  54%]  eu_gi_group_european_staffing_business_of__2023
  ✗  ERROR: No PDF caches available — cannot proceed with extraction
[1276/2161  54%]  eu_gic_investor_kia_omers_2022
  ✗  ERROR: No PDF caches available — cannot proceed with extraction
[1277/2161  54%]  eu_gic_realty_brookfield_nsr_2026
  ✗  ERROR: No PDF caches available — cannot proceed with extraction
[1278/2161  54%]  eu_gic_realty_brookfield_yes_communities_candidate_case_2026
  ✗  ERROR: No PDF caches available — cannot proceed with extraction
[1279/2161  54%]  eu_gim_eni_eni_ccus_jv_2025
  ✗  ERROR: No PDF caches available — cannot proceed with extraction
[1280/2161  54%]  eu_gim_mgx_aligned_2026
  ✗  ERROR: No PDF caches available — cannot proceed with extraction
[1281/2161  54%]  eu_gim_tcr_2026
  ✗  ERROR: No PDF caches available — cannot proceed with extraction
[1282/2161  54%]  eu_gip_azure_omers_2022
  ✗  ERROR: No PDF caches available — cannot proceed with extraction
[1283/2161  54%]  eu_gip_cppib_allete_2024
  ✗  ERROR: No PDF caches available — cannot proceed with extraction
[1284/2161  54%]  eu_gip_kkr_vodafone_2023
  ✗  ERROR: No PDF caches available — cannot proceed with extraction
[1285/2161  54%]  eu_gip_orsted_southfork_wind_2024
  ✗  ERROR: No PDF caches available — cannot proceed with extraction
[1286/2161  54%]  eu_glencore_fincoenergies_2026
  ✗  ERROR: No PDF caches available — cannot proceed with extraction
[1287/2161  54%]  eu_glencore_teck_coal_assets_2024
  ✗  ERROR: No PDF caches available — cannot proceed with extraction
[1288/2161  54%]  eu_global_payments_erste_card_candidate_case_for__2025
  ✗  ERROR: No PDF caches available — cannot proceed with extraction
[1289/2161  54%]  eu_global_payments_worldpay_2025
  ✗  ERROR: No PDF caches available — cannot proceed with extraction
[1290/2161  54%]  eu_global_technologies_novares_group_2025
  —  RESULT: SKIP — simplified procedure / no market-analysis sections (2 pages)
[1291/2161  54%]  eu_goldbeck_group_manfred_zauner_zauner_2026
  —  RESULT: SKIP — simplified procedure / no market-analysis sections (2 pages)
[1292/2161  54%]  eu_goldman_sachs_charlesbank_capital_partners_world_insurance_associates_2023
  —  RESULT: SKIP — simplified procedure / no market-analysis sections (2 pages)
[1293/2161  54%]  eu_goldman_sachs_groupe_crystal_2024
  —  RESULT: SKIP — simplified procedure / no market-analysis sections (2 pages)
[1294/2161  54%]  eu_goldman_sachs_grupo_visabeira_constructel_visabeira_2022
  —  RESULT: SKIP — simplified procedure / no market-analysis sections (2 pages)
[1295/2161  54%]  eu_goldman_sachs_nn_investment_partners_holding_2022
  —  RESULT: SKIP — simplified procedure / no market-analysis sections (2 pages)
[1296/2161  54%]  eu_goldman_sachs_norgine_2022
  —  RESULT: SKIP — simplified procedure / no market-analysis sections (2 pages)
[1297/2161  54%]  eu_goldman_sachs_otpp_omega_healthcare_2025
  —  RESULT: SKIP — simplified procedure / no market-analysis sections (2 pages)
[1298/2161  54%]  eu_goldman_sachs_platinum_spring_daiwa_resort_2023
  —  RESULT: SKIP — simplified procedure / no market-analysis sections (2 pages)
[1299/2161  54%]  eu_goldman_sachs_sojitz_jv_2022
  —  RESULT: SKIP — simplified procedure / no market-analysis sections (2 pages)
[1300/2161  54%]  eu_gonvarri_hidria_2024
  —  RESULT: SKIP — simplified procedure / no market-analysis sections (2 pages)
[1301/2161  54%]  eu_gonvarri_majority_shareholders_hidria_2022
  —  RESULT: SKIP — simplified procedure / no market-analysis sections (2 pages)
[1302/2161  54%]  eu_google_photomath_2023
  ✓  RESULT: PASS with 2 warning(s) — review before promoting
[1303/2161  54%]  eu_grain_bam_blackstone_2023
  —  RESULT: SKIP — simplified procedure / no market-analysis sections (2 pages)
[1304/2161  54%]  eu_greenyellow_stoa_deg_2025
  —  RESULT: SKIP — simplified procedure / no market-analysis sections (2 pages)
[1305/2161  54%]  eu_grohe_vkb_suru_2025
  —  RESULT: SKIP — simplified procedure / no market-analysis sections (2 pages)
[1306/2161  54%]  eu_group_credit_agricole_michelin_watea_2023
  —  RESULT: SKIP — simplified procedure / no market-analysis sections (2 pages)
[1307/2161  55%]  eu_gs_hg_trackunit_2025
  —  RESULT: SKIP — simplified procedure / no market-analysis sections (2 pages)
[1308/2161  55%]  eu_gtcr_insight_partners_tricentis_2025
  —  RESULT: SKIP — simplified procedure / no market-analysis sections (2 pages)
[1309/2161  55%]  eu_gtcr_worldpay_2023
  —  RESULT: SKIP — simplified procedure / no market-analysis sections (2 pages)
[1310/2161  55%]  eu_gtcr_zentiva_2026
  ✓  RESULT: PASS with 2 warning(s) — review before promoting
[1311/2161  55%]  eu_gunvor_eve_bbe_2024
  —  RESULT: SKIP — simplified procedure / no market-analysis sections (2 pages)
[1312/2161  55%]  eu_haier_ccr_2024
  —  RESULT: SKIP — simplified procedure / no market-analysis sections (2 pages)
[1313/2161  55%]  eu_hal_investments_royal_boskalis_westminster_2022
  —  RESULT: SKIP — simplified procedure / no market-analysis sections (2 pages)
[1314/2161  55%]  eu_hangcha_manitou_jv_2025
  —  RESULT: SKIP — simplified procedure / no market-analysis sections (2 pages)
[1315/2161  55%]  eu_hankook_tire_technology_hanon_systems_2024
  —  RESULT: SKIP — simplified procedure / no market-analysis sections (2 pages)
[1316/2161  55%]  eu_hanwha_q_cells_enercity_lynqtech_2022
  —  RESULT: SKIP — simplified procedure / no market-analysis sections (2 pages)
[1317/2161  55%]  eu_hapaglloyd_eurogate_eurogate_container_terminal_wi_2022
  ✓  RESULT: PASS with 2 warning(s) — review before promoting
[1318/2161  55%]  eu_harng_central_department_store_globus_holding_2024
  —  RESULT: SKIP — simplified procedure / no market-analysis sections (2 pages)
[1319/2161  55%]  eu_hartree_catl_cfc_2022
  —  RESULT: SKIP — simplified procedure / no market-analysis sections (2 pages)
[1320/2161  55%]  eu_hartree_edf_man_chile_2025
  —  RESULT: SKIP — simplified procedure / no market-analysis sections (2 pages)
[1321/2161  55%]  eu_hartree_edf_man_commodities_2025
  —  RESULT: SKIP — simplified procedure / no market-analysis sections (2 pages)
[1322/2161  55%]  eu_hartree_touton_candidate_case_for_simp_2026
  —  RESULT: SKIP — simplified procedure / no market-analysis sections (2 pages)
[1323/2161  55%]  eu_hasco_aumovio_brake_booster_business_jv_2025
  —  RESULT: SKIP — simplified procedure / no market-analysis sections (2 pages)
[1324/2161  55%]  eu_hdi_tuir_warta_tu_europa_2025
  —  RESULT: SKIP — simplified procedure / no market-analysis sections (2 pages)
[1325/2161  55%]  eu_hedin_delta_auto_2023
  ✓  RESULT: PASS with 2 warning(s) — review before promoting
[1326/2161  55%]  eu_hedin_mobility_iveco_sweden_iveco_denmark_2024
  ✓  RESULT: PASS with 2 warning(s) — review before promoting
[1327/2161  55%]  eu_hedin_motorcar_2022
  —  RESULT: SKIP — simplified procedure / no market-analysis sections (2 pages)
[1328/2161  55%]  eu_hedin_torpedo_2023
  —  RESULT: SKIP — simplified procedure / no market-analysis sections (2 pages)
[1329/2161  56%]  eu_heidelbergcement_thoma_bravo_command_alkon_2022
  ✓  RESULT: PASS with 2 warning(s) — review before promoting
[1330/2161  56%]  eu_hellman_friedman_cordis_2021
  —  RESULT: SKIP — simplified procedure / no market-analysis sections (2 pages)
[1331/2161  56%]  eu_hellman_friedman_cvc_mehilinen_2025
  —  RESULT: SKIP — simplified procedure / no market-analysis sections (2 pages)
[1332/2161  56%]  eu_helvetia_baloise_2025
  —  RESULT: SKIP — simplified procedure / no market-analysis sections (2 pages)
[1333/2161  56%]  eu_hf_iri_2022
  ✓  RESULT: PASS with 1 warning(s) — review before promoting
[1334/2161  56%]  eu_hg_efms_ta_2022
  —  RESULT: SKIP — simplified procedure / no market-analysis sections (2 pages)
[1335/2161  56%]  eu_hg_efms_trustquay_2023
  —  RESULT: SKIP — simplified procedure / no market-analysis sections (2 pages)
[1336/2161  56%]  eu_hg_teamblue_2022
  —  RESULT: SKIP — simplified procedure / no market-analysis sections (2 pages)
[1337/2161  56%]  eu_hg_wcas_warburg_pincus_2022
  —  RESULT: SKIP — simplified procedure / no market-analysis sections (2 pages)
[1338/2161  56%]  eu_hig_capital_alight_payroll_and_professiona_2024
  —  RESULT: SKIP — simplified procedure / no market-analysis sections (2 pages)
[1339/2161  56%]  eu_hig_capital_heller_2025
  —  RESULT: SKIP — simplified procedure / no market-analysis sections (2 pages)
[1340/2161  56%]  eu_hig_capital_kantar_media_2025
  —  RESULT: SKIP — simplified procedure / no market-analysis sections (2 pages)
[1341/2161  56%]  eu_hig_capital_rentokil_initial_holdings_2025
  —  RESULT: SKIP — simplified procedure / no market-analysis sections (2 pages)
[1342/2161  56%]  eu_hig_capital_thoma_bravo_certain_comptia_assets_2024
  —  RESULT: SKIP — simplified procedure / no market-analysis sections (2 pages)
[1343/2161  56%]  eu_hig_eu_mm_lbo_ii_ala_2025
  —  RESULT: SKIP — simplified procedure / no market-analysis sections (2 pages)
[1344/2161  56%]  eu_hig_eu_mm_timetoact_2025
  —  RESULT: SKIP — simplified procedure / no market-analysis sections (2 pages)
[1345/2161  56%]  eu_highlands_npm_nts_2025
  —  RESULT: SKIP — simplified procedure / no market-analysis sections (2 pages)
[1346/2161  56%]  eu_hillhouse_orix_oaam_2025
  —  RESULT: SKIP — simplified procedure / no market-analysis sections (2 pages)
[1347/2161  56%]  eu_hitachi_construction_machinery_kiesel_eac_2023
  —  RESULT: SKIP — simplified procedure / no market-analysis sections (2 pages)
[1348/2161  56%]  eu_hitachi_rail_ground_transportation_systems_2023
  ✓  RESULT: PASS with 2 warning(s) — review before promoting
[1349/2161  56%]  eu_hmlys_ii_holdings_limited_xiamen_cd_commodities_jv_2024
  —  RESULT: SKIP — simplified procedure / no market-analysis sections (2 pages)
[1350/2161  57%]  eu_hochtief_kfw_ver_geo_lio_2026
  —  RESULT: SKIP — simplified procedure / no market-analysis sections (2 pages)
[1351/2161  57%]  eu_honda_astemo_2026
  —  RESULT: SKIP — simplified procedure / no market-analysis sections (2 pages)
[1352/2161  57%]  eu_hoya_boe_vision_jv_2022
  —  RESULT: SKIP — simplified procedure / no market-analysis sections (2 pages)
[1353/2161  57%]  eu_hp_poly_2022
  ✓  RESULT: PASS with 1 warning(s) — review before promoting
[1354/2161  57%]  eu_hpe_juniper_2024
  ✓  RESULT: PASS with 2 warning(s) — review before promoting
[1355/2161  57%]  eu_hps_berlin_brands_group_2024
  —  RESULT: SKIP — simplified procedure / no market-analysis sections (2 pages)
[1356/2161  57%]  eu_hsbc_axa_intu_milton_keynes_2023
  —  RESULT: SKIP — simplified procedure / no market-analysis sections (2 pages)
[1357/2161  57%]  eu_hsbc_singapore_temasek_jv_2022
  —  RESULT: SKIP — simplified procedure / no market-analysis sections (2 pages)
[1358/2161  57%]  eu_huk_bri_lnn_2022
  —  RESULT: SKIP — simplified procedure / no market-analysis sections (2 pages)
[1359/2161  57%]  eu_hunan_yunchu_minmetals_new_energy_tmci_2025
  —  RESULT: SKIP — simplified procedure / no market-analysis sections (2 pages)
[1360/2161  57%]  eu_hutchinson_3_indonesia_indosat_2021
  —  RESULT: SKIP — simplified procedure / no market-analysis sections (2 pages)
[1361/2161  57%]  eu_hutchison_ports_sokhna_golden_chance_investment_enter_cma_terminals_2023
  —  RESULT: SKIP — simplified procedure / no market-analysis sections (2 pages)
[1362/2161  57%]  eu_hy24_enagas_enagas_renovable_2022
  —  RESULT: SKIP — simplified procedure / no market-analysis sections (2 pages)
[1363/2161  57%]  eu_hydro_energi_miracl_rein_jv_2024
  —  RESULT: SKIP — simplified procedure / no market-analysis sections (2 pages)
[1364/2161  57%]  eu_hydro_northvolt_hydrovolt_jv_2024
  —  RESULT: SKIP — simplified procedure / no market-analysis sections (2 pages)
[1365/2161  57%]  eu_i_squared_capital_arriva_2024
  —  RESULT: SKIP — simplified procedure / no market-analysis sections (2 pages)
[1366/2161  57%]  eu_i_squared_capital_rubis_terminal_2024
  —  RESULT: SKIP — simplified procedure / no market-analysis sections (2 pages)
[1367/2161  57%]  eu_i_squared_capital_tdr_capital_applus_2023
  —  RESULT: SKIP — simplified procedure / no market-analysis sections (2 pages)
[1368/2161  57%]  eu_i_squared_ramudden_2026
  —  RESULT: SKIP — simplified procedure / no market-analysis sections (2 pages)
[1369/2161  57%]  eu_iberdrola_bp_jv_2023
  ✓  RESULT: PASS with 2 warning(s) — review before promoting
[1370/2161  57%]  eu_iberdrola_gic_neoenergia_transmissora_2023
  —  RESULT: SKIP — simplified procedure / no market-analysis sections (2 pages)
[1371/2161  57%]  eu_ibm_certain_software_ag_products_2024
  ✓  RESULT: PASS with 2 warning(s) — review before promoting
[1372/2161  58%]  eu_ibv_acen_acri_2023
  —  RESULT: SKIP — simplified procedure / no market-analysis sections (2 pages)
[1373/2161  58%]  eu_icg_capiton_dec_2025
  —  RESULT: SKIP — simplified procedure / no market-analysis sections (2 pages)
[1374/2161  58%]  eu_icg_dgs_2024
  —  RESULT: SKIP — simplified procedure / no market-analysis sections (2 pages)
[1375/2161  58%]  eu_icg_gala_magellan_2025
  —  RESULT: SKIP — simplified procedure / no market-analysis sections (2 pages)
[1376/2161  58%]  eu_icg_holding_uriach_uriach_2024
  ✓  RESULT: PASS with 2 warning(s) — review before promoting
[1377/2161  58%]  eu_icg_imanes_picard_2024
  —  RESULT: SKIP — simplified procedure / no market-analysis sections (2 pages)
[1378/2161  58%]  eu_icg_konecta_comdata_2022
  —  RESULT: SKIP — simplified procedure / no market-analysis sections (2 pages)
[1379/2161  58%]  eu_ici_3_hcs_group_2023
  —  RESULT: SKIP — simplified procedure / no market-analysis sections (2 pages)
[1380/2161  58%]  eu_ici_benvic_2022
  —  RESULT: SKIP — simplified procedure / no market-analysis sections (2 pages)
[1381/2161  58%]  eu_icig_evonik_superabsorber_companies_2024
  ✓  RESULT: PASS with 2 warning(s) — review before promoting
[1382/2161  58%]  eu_ifm_investors_atlas_arteria_2026
  —  RESULT: SKIP — simplified procedure / no market-analysis sections (2 pages)
[1383/2161  58%]  eu_ig4_group_petrobras_braskem_2026
  —  RESULT: SKIP — simplified procedure / no market-analysis sections (2 pages)
[1384/2161  58%]  eu_igneo_hegh_family_group_larus_2025
  —  RESULT: SKIP — simplified procedure / no market-analysis sections (2 pages)
[1385/2161  58%]  eu_iif_international_holding_ge_getec_holding_2022
  —  RESULT: SKIP — simplified procedure / no market-analysis sections (2 pages)
[1386/2161  58%]  eu_ik_nextstage_eurobio_scientific_2024
  —  RESULT: SKIP — simplified procedure / no market-analysis sections (2 pages)
[1387/2161  58%]  eu_ik_partners_sagard_sterimed_2025
  —  RESULT: SKIP — simplified procedure / no market-analysis sections (2 pages)
[1388/2161  58%]  eu_iliad_upc_polska_2022
  ✗  TIMEOUT — case exceeded 6 min limit (stalled PDF fetch or API call)
[1389/2161  58%]  eu_ils_danx_jv_2023
  —  RESULT: SKIP — simplified procedure / no market-analysis sections (2 pages)
[1390/2161  58%]  eu_ineos_certain_assets_of_totalenergie_2024
  ✗  TIMEOUT — case exceeded 6 min limit (stalled PDF fetch or API call)
[1391/2161  58%]  eu_ineos_sinopec_abs_jv_2023
  —  RESULT: SKIP — simplified procedure / no market-analysis sections (2 pages)
[1392/2161  58%]  eu_ineos_sinopec_ethylene_jv_2023
  —  RESULT: SKIP — simplified procedure / no market-analysis sections (2 pages)
[1393/2161  58%]  eu_ineos_sinopec_ineos_styrolution_advanced_mat_2022
  —  RESULT: SKIP — simplified procedure / no market-analysis sections (2 pages)
[1394/2161  58%]  eu_ineos_sinopec_jv_2022
  —  RESULT: SKIP — simplified procedure / no market-analysis sections (2 pages)
[1395/2161  58%]  eu_ineos_sinopec_shanghai_secco_petrochemical_2022
  —  RESULT: SKIP — simplified procedure / no market-analysis sections (2 pages)
[1396/2161  59%]  eu_infinigate_nuvias_2022
  ✓  RESULT: PASS with 2 warning(s) — review before promoting
[1397/2161  59%]  eu_infinite_electronics_internati_cable_connectivity_group_2023
  —  RESULT: SKIP — simplified procedure / no market-analysis sections (2 pages)
[1398/2161  59%]  eu_inflexion_65_equity_partners_kee_safety_2025
  —  RESULT: SKIP — simplified procedure / no market-analysis sections (2 pages)
[1399/2161  59%]  eu_infosys_certain_liberty_global_assets_2023
  —  RESULT: SKIP — simplified procedure / no market-analysis sections (2 pages)
[1400/2161  59%]  eu_infrafibre_dg_fibre_dgn_2022
  —  RESULT: SKIP — simplified procedure / no market-analysis sections (2 pages)
[1401/2161  59%]  eu_infranity_eurazeo_etix_everywhere_holding_2024
  —  RESULT: SKIP — simplified procedure / no market-analysis sections (2 pages)
[1402/2161  59%]  eu_infranity_omnes_capital_pcre_jv_2025
  —  RESULT: SKIP — simplified procedure / no market-analysis sections (2 pages)
[1403/2161  59%]  eu_infravia_iliad_op_core_candidate_case_for_sim_2025
  —  RESULT: SKIP — simplified procedure / no market-analysis sections (2 pages)
[1404/2161  59%]  eu_infravia_liberty_global_telefnica_2022
  —  RESULT: SKIP — simplified procedure / no market-analysis sections (2 pages)
[1405/2161  59%]  eu_infravia_p4_fiberforce_2022
  —  RESULT: SKIP — simplified procedure / no market-analysis sections (2 pages)
[1406/2161  59%]  eu_ing_gs_tfi_2026
  —  RESULT: SKIP — simplified procedure / no market-analysis sections (2 pages)
[1407/2161  59%]  eu_ingka_investments_ikano_bank_2024
  —  RESULT: SKIP — simplified procedure / no market-analysis sections (2 pages)
[1408/2161  59%]  eu_ingka_morsano_mopet_2023
  —  RESULT: SKIP — simplified procedure / no market-analysis sections (2 pages)
[1409/2161  59%]  eu_ingredion_agrana_agfd_2025
  —  RESULT: SKIP — simplified procedure / no market-analysis sections (2 pages)
[1410/2161  59%]  eu_inpex_corporation_enel_green_power_enel_green_power_australia_2023
  —  RESULT: SKIP — simplified procedure / no market-analysis sections (2 pages)
[1411/2161  59%]  eu_inpex_khi_iwatani_2024
  —  RESULT: SKIP — simplified procedure / no market-analysis sections (2 pages)
[1412/2161  59%]  eu_inpex_sc_seml_2022
  —  RESULT: SKIP — simplified procedure / no market-analysis sections (2 pages)
[1413/2161  59%]  eu_insight_vector_capital_iris_holdings_jv_2021
  —  RESULT: SKIP — simplified procedure / no market-analysis sections (2 pages)
[1414/2161  59%]  eu_instatiq_zblin_jv_2025
  —  RESULT: SKIP — simplified procedure / no market-analysis sections (2 pages)
[1415/2161  59%]  eu_inter_ikea_systems_ikea_baltics_2024
  —  RESULT: SKIP — simplified procedure / no market-analysis sections (2 pages)
[1416/2161  59%]  eu_international_paper_ds_smith_2025
  ✗  RESULT: BLOCKED — fix errors above before promoting to canonical
[1417/2161  59%]  eu_interparking_saba_2025
  ✓  RESULT: PASS with 2 warning(s) — review before promoting
[1418/2161  60%]  eu_interparking_servizi_gksd_jv_2022
  —  RESULT: SKIP — simplified procedure / no market-analysis sections (2 pages)
[1419/2161  60%]  eu_interparking_servizi_osr_parking_lot_jv_2022
  —  RESULT: SKIP — simplified procedure / no market-analysis sections (2 pages)
[1420/2161  60%]  eu_intuitive_ab_medica_distribution_activit_2025
  ✓  RESULT: PASS with 2 warning(s) — review before promoting
[1421/2161  60%]  eu_invesco_mitel_2025
  —  RESULT: SKIP — simplified procedure / no market-analysis sections (2 pages)
[1422/2161  60%]  eu_investcorp_psp_crosscountry_2025
  —  RESULT: SKIP — simplified procedure / no market-analysis sections (2 pages)
[1423/2161  60%]  eu_investcorp_psp_pkf_oconnor_davies_advisory_2024
  —  RESULT: SKIP — simplified procedure / no market-analysis sections (2 pages)
[1424/2161  60%]  eu_investindustrial_dcc_healthcare_2025
  —  RESULT: SKIP — simplified procedure / no market-analysis sections (2 pages)
[1425/2161  60%]  eu_investindustrial_fassi_holding_2024
  —  RESULT: SKIP — simplified procedure / no market-analysis sections (2 pages)
[1426/2161  60%]  eu_ip_ev_asset_holding_iplanet_jv_2024
  —  RESULT: SKIP — simplified procedure / no market-analysis sections (2 pages)
[1427/2161  60%]  eu_ircp_cdc_adtim_group_2022
  —  RESULT: SKIP — simplified procedure / no market-analysis sections (2 pages)
[1428/2161  60%]  eu_irish_life_wellbeing_centric_health_primary_care_carepath_connect_2022
  —  RESULT: SKIP — simplified procedure / no market-analysis sections (2 pages)
[1429/2161  60%]  eu_itochu_amci_fitzroy_qld_resources_2023
  —  RESULT: SKIP — simplified procedure / no market-analysis sections (2 pages)
[1430/2161  60%]  eu_itochu_isuzu_motors_jv_2022
  —  RESULT: SKIP — simplified procedure / no market-analysis sections (2 pages)
[1431/2161  60%]  eu_itochu_kawasaki_heavy_industries_kawasaki_motors_retail_finance_2025
  —  RESULT: SKIP — simplified procedure / no market-analysis sections (2 pages)
[1432/2161  60%]  eu_itochu_keogh_familly_trust_mtf_holdings_2024
  —  RESULT: SKIP — simplified procedure / no market-analysis sections (2 pages)
[1433/2161  60%]  eu_itochu_tokyo_century_hcm_2023
  —  RESULT: SKIP — simplified procedure / no market-analysis sections (2 pages)
[1434/2161  60%]  eu_itochu_under_armour_dome_2022
  —  RESULT: SKIP — simplified procedure / no market-analysis sections (2 pages)
[1435/2161  60%]  eu_ivanhoe_cambridge_mubadala_dutch_residential_investments__2022
  —  RESULT: SKIP — simplified procedure / no market-analysis sections (2 pages)
[1436/2161  60%]  eu_jacquet_metals_swiss_steel_companies_2023
  ✓  RESULT: PASS with 2 warning(s) — review before promoting
[1437/2161  60%]  eu_jbt_marel_2024
  ✗  RESULT: BLOCKED — fix errors above before promoting to canonical
[1438/2161  60%]  eu_jd_sports_groupe_courir_2024
  ✓  RESULT: PASS with 2 warning(s) — review before promoting
[1439/2161  60%]  eu_jd_sports_marketing_investment_group_2023
  —  RESULT: SKIP — simplified procedure / no market-analysis sections (2 pages)
[1440/2161  60%]  eu_jera_nex_bp_gamma_jv_2025
  —  RESULT: SKIP — simplified procedure / no market-analysis sections (2 pages)
[1441/2161  61%]  eu_jip_mitsubishi_logisnext_2026
  —  RESULT: SKIP — simplified procedure / no market-analysis sections (2 pages)
[1442/2161  61%]  eu_jll_pif_fmtech_2026
  —  RESULT: SKIP — simplified procedure / no market-analysis sections (2 pages)
[1443/2161  61%]  eu_john_cockerill_defense_fn_herstal_thales_2026
  —  RESULT: SKIP — simplified procedure / no market-analysis sections (2 pages)
[1444/2161  61%]  eu_jp_vos_candidate_case_for_simplif_2026
  —  RESULT: SKIP — simplified procedure / no market-analysis sections (2 pages)
[1445/2161  61%]  eu_jsw_jfe_jv_2024
  —  RESULT: SKIP — simplified procedure / no market-analysis sections (2 pages)
[1446/2161  61%]  eu_jtcp_epcg_eroski_s_coop_2022
  —  RESULT: SKIP — simplified procedure / no market-analysis sections (2 pages)
[1447/2161  61%]  eu_jumbo_vermaat_la_place_2024
  —  RESULT: SKIP — simplified procedure / no market-analysis sections (2 pages)
[1448/2161  61%]  eu_jwl_asia_pulp_paper_group_2024
  —  RESULT: SKIP — simplified procedure / no market-analysis sections (2 pages)
[1449/2161  61%]  eu_kb_ag_kb_sfn_kbj_2022
  —  RESULT: SKIP — simplified procedure / no market-analysis sections (2 pages)
[1450/2161  61%]  eu_kbc_365bank_2025
  —  RESULT: SKIP — simplified procedure / no market-analysis sections (2 pages)
[1451/2161  61%]  eu_kbc_bank_bnp_paribas_fortis_joyn_international_2024
  —  RESULT: SKIP — simplified procedure / no market-analysis sections (2 pages)
[1452/2161  61%]  eu_keensight_capital_nomios_2023
  —  RESULT: SKIP — simplified procedure / no market-analysis sections (2 pages)
[1453/2161  61%]  eu_keppel_aermont_capital_2024
  —  RESULT: SKIP — simplified procedure / no market-analysis sections (2 pages)
[1454/2161  61%]  eu_kesko_davidsen_2024
  —  RESULT: SKIP — simplified procedure / no market-analysis sections (2 pages)
[1455/2161  61%]  eu_kfw_nederlandse_gasunie_jv_2022
  —  RESULT: SKIP — simplified procedure / no market-analysis sections (2 pages)
[1456/2161  61%]  eu_khne_holding_aenova_2024
  —  RESULT: SKIP — simplified procedure / no market-analysis sections (2 pages)
[1457/2161  61%]  eu_kia_otpp_seacube_2023
  —  RESULT: SKIP — simplified procedure / no market-analysis sections (2 pages)
[1458/2161  61%]  eu_kingdom_of_denmark_kbenhavns_lufthavne_2025
  ✓  RESULT: PASS with 2 warning(s) — review before promoting
[1459/2161  61%]  eu_kingpsan_nwg_2024
  ✓  RESULT: PASS with 2 warning(s) — review before promoting
[1460/2161  61%]  eu_kingspan_ondura_2022
  —  RESULT: SKIP — simplified procedure / no market-analysis sections (2 pages)
[1461/2161  61%]  eu_kingspan_steico_2023
  —  RESULT: SKIP — simplified procedure / no market-analysis sections (2 pages)
[1462/2161  61%]  eu_kirk_lfi_atp_2022
  —  RESULT: SKIP — simplified procedure / no market-analysis sections (2 pages)
[1463/2161  62%]  eu_kiwa_adesso_jv_2024
  —  RESULT: SKIP — simplified procedure / no market-analysis sections (2 pages)
[1464/2161  62%]  eu_kkcg_rockaway_jv_2023
  —  RESULT: SKIP — simplified procedure / no market-analysis sections (2 pages)
[1465/2161  62%]  eu_kkcg_rockaway_jv_2026
  —  RESULT: SKIP — simplified procedure / no market-analysis sections (2 pages)
[1466/2161  62%]  eu_kkr_accell_group_2022
  —  RESULT: SKIP — simplified procedure / no market-analysis sections (2 pages)
[1467/2161  62%]  eu_kkr_albioma_2022
  —  RESULT: SKIP — simplified procedure / no market-analysis sections (2 pages)
[1468/2161  62%]  eu_kkr_april_2023
  —  RESULT: SKIP — simplified procedure / no market-analysis sections (2 pages)
[1469/2161  62%]  eu_kkr_baupost_marriott_assets_2024
  —  RESULT: SKIP — simplified procedure / no market-analysis sections (2 pages)
[1470/2161  62%]  eu_kkr_cinven_cvc_2025
  —  RESULT: SKIP — simplified procedure / no market-analysis sections (2 pages)
[1471/2161  62%]  eu_kkr_contourglobal_2022
  —  RESULT: SKIP — simplified procedure / no market-analysis sections (2 pages)
[1472/2161  62%]  eu_kkr_encavis_2024
  —  RESULT: SKIP — simplified procedure / no market-analysis sections (2 pages)
[1473/2161  62%]  eu_kkr_gip_cyrusone_2022
  —  RESULT: SKIP — simplified procedure / no market-analysis sections (2 pages)
[1474/2161  62%]  eu_kkr_hhs_datagroup_2025
  —  RESULT: SKIP — simplified procedure / no market-analysis sections (2 pages)
[1475/2161  62%]  eu_kkr_hitachi_transport_system_2022
  —  RESULT: SKIP — simplified procedure / no market-analysis sections (2 pages)
[1476/2161  62%]  eu_kkr_impilo_immedica_2024
  —  RESULT: SKIP — simplified procedure / no market-analysis sections (2 pages)
[1477/2161  62%]  eu_kkr_infracapital_zenobe_energy_2023
  —  RESULT: SKIP — simplified procedure / no market-analysis sections (3 pages)
[1478/2161  62%]  eu_kkr_karo_healthcare_2025
  —  RESULT: SKIP — simplified procedure / no market-analysis sections (2 pages)
[1479/2161  62%]  eu_kkr_krber_krber_supply_chain_software_ma_2022
  —  RESULT: SKIP — simplified procedure / no market-analysis sections (2 pages)
[1480/2161  62%]  eu_kkr_netco_2024
  ✓  RESULT: PASS with 2 warning(s) — review before promoting
[1481/2161  62%]  eu_kkr_nexeye_2024
  —  RESULT: SKIP — simplified procedure / no market-analysis sections (2 pages)
[1482/2161  62%]  eu_kkr_otpp_highways_trust_2022
  —  RESULT: SKIP — simplified procedure / no market-analysis sections (2 pages)
[1483/2161  62%]  eu_kkr_pag_sapporo_real_estate_2026
  —  RESULT: SKIP — simplified procedure / no market-analysis sections (2 pages)
[1484/2161  63%]  eu_kkr_pai_partners_bci_2022
  ✗  TypeError: unhashable type: 'dict'
[1485/2161  63%]  eu_kkr_serentica_mauritius_serentica_renewables_singapore_2023
  —  RESULT: SKIP — simplified procedure / no market-analysis sections (2 pages)
[1486/2161  63%]  eu_kkr_singtel_st_dynamo_investment_2023
  —  RESULT: SKIP — simplified procedure / no market-analysis sections (2 pages)
[1487/2161  63%]  eu_kkr_spectris_2025
  —  RESULT: SKIP — simplified procedure / no market-analysis sections (2 pages)
[1488/2161  63%]  eu_kkr_sscp_infobric_2025
  —  RESULT: SKIP — simplified procedure / no market-analysis sections (2 pages)
[1489/2161  63%]  eu_kkr_stonepeak_assura_2025
  —  RESULT: SKIP — simplified procedure / no market-analysis sections (2 pages)
[1490/2161  63%]  eu_kkr_superstruct_2024
  —  RESULT: SKIP — simplified procedure / no market-analysis sections (2 pages)
[1491/2161  63%]  eu_kkr_telefonica_pangeaco_2023
  —  RESULT: SKIP — simplified procedure / no market-analysis sections (2 pages)
[1492/2161  63%]  eu_kkr_the_fuchs_family_foundation_ohb_2023
  —  RESULT: SKIP — simplified procedure / no market-analysis sections (2 pages)
[1493/2161  63%]  eu_kkr_tmus_metronet_2024
  —  RESULT: SKIP — simplified procedure / no market-analysis sections (2 pages)
[1494/2161  63%]  eu_kkr_tmus_usi_2025
  —  RESULT: SKIP — simplified procedure / no market-analysis sections (2 pages)
[1495/2161  63%]  eu_kkr_topcon_2025
  —  RESULT: SKIP — simplified procedure / no market-analysis sections (2 pages)
[1496/2161  63%]  eu_kkr_veritas_cotiviti_2024
  —  RESULT: SKIP — simplified procedure / no market-analysis sections (2 pages)
[1497/2161  63%]  eu_koda_transportation_tata_autocomp_jv_2026
  —  RESULT: SKIP — simplified procedure / no market-analysis sections (2 pages)
[1498/2161  63%]  eu_kohlberg_montagu_teleflex_oem_business_2026
  —  RESULT: SKIP — simplified procedure / no market-analysis sections (2 pages)
[1499/2161  63%]  eu_koncar_sehbv_jv_2025
  —  RESULT: SKIP — simplified procedure / no market-analysis sections (2 pages)
[1500/2161  63%]  eu_kps_capital_partners_real_alloy_europe_2022
  ✓  RESULT: PASS with 2 warning(s) — review before promoting
[1501/2161  63%]  eu_kps_ineos_composites_2025
  —  RESULT: SKIP — simplified procedure / no market-analysis sections (2 pages)
[1502/2161  63%]  eu_kps_innomotics_2024
  —  RESULT: SKIP — simplified procedure / no market-analysis sections (2 pages)
[1503/2161  63%]  eu_krefeld_icg_groupe_climater_2025
  —  RESULT: SKIP — simplified procedure / no market-analysis sections (2 pages)
[1504/2161  63%]  eu_kubikx_veroo_95_ventures_2023
  —  RESULT: SKIP — simplified procedure / no market-analysis sections (2 pages)
[1505/2161  63%]  eu_kuwait_petroleum_italia_fox_petroli_eco_fox_2024
  —  RESULT: SKIP — simplified procedure / no market-analysis sections (2 pages)
[1506/2161  63%]  eu_l_catterton_kiko_2024
  —  RESULT: SKIP — simplified procedure / no market-analysis sections (2 pages)
[1507/2161  64%]  eu_la_caisse_macquarie_rhp_partners_manager_gp_2025
  —  RESULT: SKIP — simplified procedure / no market-analysis sections (2 pages)
[1508/2161  64%]  eu_la_caisse_telus_terrion_2025
  —  RESULT: SKIP — simplified procedure / no market-analysis sections (2 pages)
[1509/2161  64%]  eu_lantmnnen_hkscan_sweden_2024
  —  RESULT: SKIP — simplified procedure / no market-analysis sections (2 pages)
[1510/2161  64%]  eu_ldc_viterra_assets_2025
  —  RESULT: SKIP — simplified procedure / no market-analysis sections (2 pages)
[1511/2161  64%]  eu_lear_corporation_interior_comfort_systems_busin_2022
  ✓  RESULT: PASS with 2 warning(s) — review before promoting
[1512/2161  64%]  eu_lear_ig_bauerhin_2023
  ✓  RESULT: PASS with 2 warning(s) — review before promoting
[1513/2161  64%]  eu_lgam_epic_bpifrance_biose_2023
  —  RESULT: SKIP — simplified procedure / no market-analysis sections (2 pages)
[1514/2161  64%]  eu_lgam_hayfin_vinventions_2025
  —  RESULT: SKIP — simplified procedure / no market-analysis sections (2 pages)
[1515/2161  64%]  eu_lgp_francisco_partners_redsail_2024
  —  RESULT: SKIP — simplified procedure / no market-analysis sections (2 pages)
[1516/2161  64%]  eu_lgp_hg_iris_2024
  —  RESULT: SKIP — simplified procedure / no market-analysis sections (2 pages)
[1517/2161  64%]  eu_liberty_global_fluvius_netco_2023
  ✓  RESULT: PASS with 2 warning(s) — review before promoting
[1518/2161  64%]  eu_liberty_global_infravia_liberty_networks_germany_2021
  —  RESULT: SKIP — simplified procedure / no market-analysis sections (2 pages)
[1519/2161  64%]  eu_liberty_global_mediahuis_nrj_group_2023
  —  RESULT: SKIP — simplified procedure / no market-analysis sections (2 pages)
[1520/2161  64%]  eu_liberty_global_telefnica_infrava_2026
  —  RESULT: SKIP — simplified procedure / no market-analysis sections (2 pages)
[1521/2161  64%]  eu_liberty_global_telefnica_substantial_2026
  —  RESULT: SKIP — simplified procedure / no market-analysis sections (2 pages)
[1522/2161  64%]  eu_liberty_isd_dunaferr_2023
  —  RESULT: SKIP — simplified procedure / no market-analysis sections (2 pages)
[1523/2161  64%]  eu_lixil_schco_jv_2021
  —  RESULT: SKIP — simplified procedure / no market-analysis sections (2 pages)
[1524/2161  64%]  eu_logisteed_alps_alpine_alps_logistics_2024
  —  RESULT: SKIP — simplified procedure / no market-analysis sections (2 pages)
[1525/2161  64%]  eu_lone_star_centromotion_candidate_case_fo_2023
  —  RESULT: SKIP — simplified procedure / no market-analysis sections (2 pages)
[1526/2161  64%]  eu_lone_star_funds_capsugel_belgium_capsugel_switzerland_2026
  —  RESULT: SKIP — simplified procedure / no market-analysis sections (2 pages)
[1527/2161  64%]  eu_lone_star_funds_crown_2024
  —  RESULT: SKIP — simplified procedure / no market-analysis sections (2 pages)
[1528/2161  65%]  eu_lone_star_funds_domo_chemicals_engineering_pla_2026
  —  RESULT: SKIP — simplified procedure / no market-analysis sections (2 pages)
[1529/2161  65%]  eu_lone_star_funds_eriks_2024
  —  RESULT: SKIP — simplified procedure / no market-analysis sections (2 pages)
[1530/2161  65%]  eu_lone_star_funds_hillenbrand_2025
  —  RESULT: SKIP — simplified procedure / no market-analysis sections (2 pages)
[1531/2161  65%]  eu_lone_star_radici_2025
  —  RESULT: SKIP — simplified procedure / no market-analysis sections (2 pages)
[1532/2161  65%]  eu_lone_star_spx_flow_2022
  —  RESULT: SKIP — simplified procedure / no market-analysis sections (2 pages)
[1533/2161  65%]  eu_lov_group_betclic_everest_group_2022
  —  RESULT: SKIP — simplified procedure / no market-analysis sections (2 pages)
[1534/2161  65%]  eu_lov_group_tipico_2026
  —  RESULT: SKIP — simplified procedure / no market-analysis sections (2 pages)
[1535/2161  65%]  eu_lubea_gel_esteve_healthcare_2023
  —  RESULT: SKIP — simplified procedure / no market-analysis sections (2 pages)
[1536/2161  65%]  eu_lufthansa_vw_jv_2022
  —  RESULT: SKIP — simplified procedure / no market-analysis sections (2 pages)
[1537/2161  65%]  eu_luxshare_pierer_leoni_2025
  —  RESULT: SKIP — simplified procedure / no market-analysis sections (2 pages)
[1538/2161  65%]  eu_mabanaft_hr_p2x_2022
  —  RESULT: SKIP — simplified procedure / no market-analysis sections (2 pages)
[1539/2161  65%]  eu_mabanaft_westfa_2024
  —  RESULT: SKIP — simplified procedure / no market-analysis sections (2 pages)
[1540/2161  65%]  eu_macquarie_aberdeen_aip_2022
  —  RESULT: SKIP — simplified procedure / no market-analysis sections (2 pages)
[1541/2161  65%]  eu_macquarie_aberdeen_aip_2024
  —  RESULT: SKIP — simplified procedure / no market-analysis sections (2 pages)
[1542/2161  65%]  eu_macquarie_bci_eku_energy_2023
  —  RESULT: SKIP — simplified procedure / no market-analysis sections (2 pages)
[1543/2161  65%]  eu_macquarie_bci_endeavour_energy_2023
  —  RESULT: SKIP — simplified procedure / no market-analysis sections (2 pages)
[1544/2161  65%]  eu_macquarie_bci_national_grid_2022
  —  RESULT: SKIP — simplified procedure / no market-analysis sections (2 pages)
[1545/2161  65%]  eu_macquarie_bci_reden_holding_and_reden_holdin_2022
  —  RESULT: SKIP — simplified procedure / no market-analysis sections (2 pages)
[1546/2161  65%]  eu_macquarie_bci_renewi_2025
  —  RESULT: SKIP — simplified procedure / no market-analysis sections (2 pages)
[1547/2161  65%]  eu_macquarie_dow_dow_infraco_jv_2025
  —  RESULT: SKIP — simplified procedure / no market-analysis sections (2 pages)
[1548/2161  65%]  eu_macquarie_enel_enel_green_power_hellas_2023
  —  RESULT: SKIP — simplified procedure / no market-analysis sections (2 pages)
[1549/2161  65%]  eu_macquarie_group_la_caisse_maple_2026
  —  RESULT: SKIP — simplified procedure / no market-analysis sections (2 pages)
[1550/2161  66%]  eu_macquarie_group_wpd_luwei_wind_power_2023
  —  RESULT: SKIP — simplified procedure / no market-analysis sections (2 pages)
[1551/2161  66%]  eu_macquarie_ivanhoe_rhp_partners_manager_gp_2023
  —  RESULT: SKIP — simplified procedure / no market-analysis sections (2 pages)
[1552/2161  66%]  eu_macquarie_pmv_kevlinx_2023
  —  RESULT: SKIP — simplified procedure / no market-analysis sections (2 pages)
[1553/2161  66%]  eu_macquarie_real_estate_cpg_van_oostrom_beheer_edge_2022
  —  RESULT: SKIP — simplified procedure / no market-analysis sections (2 pages)
[1554/2161  66%]  eu_macquarie_ubs_rhp_2023
  —  RESULT: SKIP — simplified procedure / no market-analysis sections (2 pages)
[1555/2161  66%]  eu_madison_dearborn_partners_schoeller_group_2025
  —  RESULT: SKIP — simplified procedure / no market-analysis sections (2 pages)
[1556/2161  66%]  eu_madison_dearborn_partners_thoma_bravo_nextgen_healthcare_2025
  —  RESULT: SKIP — simplified procedure / no market-analysis sections (2 pages)
[1557/2161  66%]  eu_magellan_mets_2025
  —  RESULT: SKIP — simplified procedure / no market-analysis sections (2 pages)
[1558/2161  66%]  eu_magna_international_minth_group_huainan_magna_minth_exteriors__2023
  —  RESULT: SKIP — simplified procedure / no market-analysis sections (2 pages)
[1559/2161  66%]  eu_mapfre_vas_jv_2023
  —  RESULT: SKIP — simplified procedure / no market-analysis sections (2 pages)
[1560/2161  66%]  eu_mapfre_vas_mawdy_services_2025
  —  RESULT: SKIP — simplified procedure / no market-analysis sections (2 pages)
[1561/2161  66%]  eu_marcegaglia_carbon_steel_sia_severstal_distribution_2023
  —  RESULT: SKIP — simplified procedure / no market-analysis sections (2 pages)
[1562/2161  66%]  eu_marcegaglia_steel_ascometal_fossurmer_2024
  —  RESULT: SKIP — simplified procedure / no market-analysis sections (2 pages)
[1563/2161  66%]  eu_marcegaglia_steel_olpuk_osb_2022
  —  RESULT: SKIP — simplified procedure / no market-analysis sections (2 pages)
[1564/2161  66%]  eu_marubeni_certain_parts_of_trustenergy_2024
  —  RESULT: SKIP — simplified procedure / no market-analysis sections (2 pages)
[1565/2161  66%]  eu_marubeni_nap_fmg_2024
  —  RESULT: SKIP — simplified procedure / no market-analysis sections (2 pages)
[1566/2161  66%]  eu_masdar_edfi_jv_2024
  —  RESULT: SKIP — simplified procedure / no market-analysis sections (2 pages)
[1567/2161  66%]  eu_masdar_edfr_nesma_2024
  —  RESULT: SKIP — simplified procedure / no market-analysis sections (2 pages)
[1568/2161  66%]  eu_masdar_terna_2024
  —  RESULT: SKIP — simplified procedure / no market-analysis sections (2 pages)
[1569/2161  66%]  eu_massmutual_mubadala_kiinteisto_2024
  —  RESULT: SKIP — simplified procedure / no market-analysis sections (2 pages)
[1570/2161  66%]  eu_max_mara_mitsui_mcj_2022
  —  RESULT: SKIP — simplified procedure / no market-analysis sections (2 pages)
[1571/2161  66%]  eu_mc_dthag_mmc_2024
  —  RESULT: SKIP — simplified procedure / no market-analysis sections (2 pages)
[1572/2161  67%]  eu_mdp_hps_premfina_2022
  —  RESULT: SKIP — simplified procedure / no market-analysis sections (2 pages)
[1573/2161  67%]  eu_meif7_infracapital_lmi_2024
  —  RESULT: SKIP — simplified procedure / no market-analysis sections (2 pages)
[1574/2161  67%]  eu_mercedesbenz_group_bmw_jv_2024
  —  RESULT: SKIP — simplified procedure / no market-analysis sections (2 pages)
[1575/2161  67%]  eu_mercedesbenz_totalenergies_stellantis_2022
  ✓  RESULT: PASS with 2 warning(s) — review before promoting
[1576/2161  67%]  eu_meridiam_allianz_neuconnect_2021
  ✓  RESULT: PASS with 2 warning(s) — review before promoting
[1577/2161  67%]  eu_meridiam_awsa_i_awsa_ii_2023
  —  RESULT: SKIP — simplified procedure / no market-analysis sections (2 pages)
[1578/2161  67%]  eu_meridiam_mgets_fund_verkor_2023
  —  RESULT: SKIP — simplified procedure / no market-analysis sections (2 pages)
[1579/2161  67%]  eu_messer_ambrian_energy_jv_2026
  —  RESULT: SKIP — simplified procedure / no market-analysis sections (2 pages)
[1580/2161  67%]  eu_messer_toyota_tsusho_europe_jv_2023
  —  RESULT: SKIP — simplified procedure / no market-analysis sections (2 pages)
[1581/2161  67%]  eu_met_mega_2025
  —  RESULT: SKIP — simplified procedure / no market-analysis sections (2 pages)
[1582/2161  67%]  eu_meta_reliance_jv_2025
  —  RESULT: SKIP — simplified procedure / no market-analysis sections (2 pages)
[1583/2161  67%]  eu_methanex_oci_methanol_business_2025
  ✓  RESULT: PASS with 2 warning(s) — review before promoting
[1584/2161  67%]  eu_metinvest_arcelormittal_tubular_products_2025
  —  RESULT: SKIP — simplified procedure / no market-analysis sections (2 pages)
[1585/2161  67%]  eu_metinvest_ib_jv_2025
  —  RESULT: SKIP — simplified procedure / no market-analysis sections (2 pages)
[1586/2161  67%]  eu_mfemediaforeurope_prosiebensat1_2023
  —  RESULT: SKIP — simplified procedure / no market-analysis sections (2 pages)
[1587/2161  67%]  eu_mgl_msp_oconnor_2022
  —  RESULT: SKIP — simplified procedure / no market-analysis sections (2 pages)
[1588/2161  67%]  eu_mhi_melco_jv_2023
  —  RESULT: SKIP — simplified procedure / no market-analysis sections (2 pages)
[1589/2161  67%]  eu_midea_arbonia_2025
  ✓  RESULT: PASS with 2 warning(s) — review before promoting
[1590/2161  67%]  eu_midea_teka_2025
  ✓  RESULT: PASS with 2 warning(s) — review before promoting
[1591/2161  67%]  eu_mideuropa_partners_famar_2024
  —  RESULT: SKIP — simplified procedure / no market-analysis sections (2 pages)
[1592/2161  67%]  eu_mira_otpp_pggm_2022
  —  RESULT: SKIP — simplified procedure / no market-analysis sections (3 pages)
[1593/2161  68%]  eu_mitsubishi_chubu_electric_power_miraiz_mcre_2022
  —  RESULT: SKIP — simplified procedure / no market-analysis sections (2 pages)
[1594/2161  68%]  eu_mitsubishi_corporation_mitsubishi_hc_capital_jv_2023
  —  RESULT: SKIP — simplified procedure / no market-analysis sections (2 pages)
[1595/2161  68%]  eu_mitsubishi_here_2022
  —  RESULT: SKIP — simplified procedure / no market-analysis sections (2 pages)
[1596/2161  68%]  eu_mitsui_celanese_nutrinova_jv_2023
  —  RESULT: SKIP — simplified procedure / no market-analysis sections (2 pages)
[1597/2161  68%]  eu_mitsui_co_european_energy_kass_jv_2023
  —  RESULT: SKIP — simplified procedure / no market-analysis sections (2 pages)
[1598/2161  68%]  eu_mitsui_edf_forsee_power_2023
  —  RESULT: SKIP — simplified procedure / no market-analysis sections (2 pages)
[1599/2161  68%]  eu_mitsui_indomobil_ptl_2022
  —  RESULT: SKIP — simplified procedure / no market-analysis sections (2 pages)
[1600/2161  68%]  eu_mitsui_mhi_melco_2025
  —  RESULT: SKIP — simplified procedure / no market-analysis sections (2 pages)
[1601/2161  68%]  eu_mitsui_mol_the_port_of_nigg_business_2025
  —  RESULT: SKIP — simplified procedure / no market-analysis sections (2 pages)
[1602/2161  68%]  eu_mitsui_osaka_gas_rwe_kk_2024
  —  RESULT: SKIP — simplified procedure / no market-analysis sections (2 pages)
[1603/2161  68%]  eu_mks_pamp_solit_2026
  —  RESULT: SKIP — simplified procedure / no market-analysis sections (2 pages)
[1604/2161  68%]  eu_mml_apheon_tmc_2024
  —  RESULT: SKIP — simplified procedure / no market-analysis sections (2 pages)
[1605/2161  68%]  eu_moh_gek_terna_nrg_2026
  —  RESULT: SKIP — simplified procedure / no market-analysis sections (2 pages)
[1606/2161  68%]  eu_mol_lotos_paliwa_2022
  ✓  RESULT: PASS with 2 warning(s) — review before promoting
[1607/2161  68%]  eu_mondi_schumacher_packaging_german_du_2025
  ✓  RESULT: PASS with 2 warning(s) — review before promoting
[1608/2161  68%]  eu_montagu_hg_waystone_2022
  ✓  RESULT: PASS with 2 warning(s) — review before promoting
[1609/2161  68%]  eu_montagu_ta_associates_harvest_2024
  —  RESULT: SKIP — simplified procedure / no market-analysis sections (2 pages)
[1610/2161  68%]  eu_morgan_stanley_bawag_gyle_jv_2022
  —  RESULT: SKIP — simplified procedure / no market-analysis sections (2 pages)
[1611/2161  68%]  eu_morgan_stanley_tele_columbus_2024
  —  RESULT: SKIP — simplified procedure / no market-analysis sections (2 pages)
[1612/2161  68%]  eu_motherson_nexans_autoelectric_2026
  —  RESULT: SKIP — simplified procedure / no market-analysis sections (2 pages)
[1613/2161  68%]  eu_movendo_capital_draycott_sscp_arome_bidco_2025
  —  RESULT: SKIP — simplified procedure / no market-analysis sections (2 pages)
[1614/2161  68%]  eu_mowi_nova_sea_2025
  ✓  RESULT: PASS with 1 warning(s) — review before promoting
[1615/2161  69%]  eu_msc_essers_machiels_2024
  —  RESULT: SKIP — simplified procedure / no market-analysis sections (2 pages)
[1616/2161  69%]  eu_msc_gip_iii_italo_2024
  ✓  RESULT: PASS with 2 warning(s) — review before promoting
[1617/2161  69%]  eu_msc_hgv_hhla_2024
  ✓  RESULT: PASS with 1 warning(s) — review before promoting
[1618/2161  69%]  eu_msc_nyk_jv_2025
  —  RESULT: SKIP — simplified procedure / no market-analysis sections (2 pages)
[1619/2161  69%]  eu_msd_hospitality_arc_capital_auberge_resorts_2024
  —  RESULT: SKIP — simplified procedure / no market-analysis sections (2 pages)
[1620/2161  69%]  eu_msi_bam_portland_natural_gas_transmiss_2024
  —  RESULT: SKIP — simplified procedure / no market-analysis sections (2 pages)
[1621/2161  69%]  eu_msi_finhold_salcef_2024
  —  RESULT: SKIP — simplified procedure / no market-analysis sections (2 pages)
[1622/2161  69%]  eu_msi_valoriza_2023
  —  RESULT: SKIP — simplified procedure / no market-analysis sections (2 pages)
[1623/2161  69%]  eu_mubadala_actis_rezolv_energy_jv_2025
  —  RESULT: SKIP — simplified procedure / no market-analysis sections (2 pages)
[1624/2161  69%]  eu_mubadala_capital_fortress_management_fig_2023
  —  RESULT: SKIP — simplified procedure / no market-analysis sections (2 pages)
[1625/2161  69%]  eu_mubadala_nationalenederlanden_healthcare_activos_management_2022
  —  RESULT: SKIP — simplified procedure / no market-analysis sections (2 pages)
[1626/2161  69%]  eu_mufg_smfg_mhfg_2021
  —  RESULT: SKIP — simplified procedure / no market-analysis sections (2 pages)
[1627/2161  69%]  eu_multiply_cvc_pai_2025
  —  RESULT: SKIP — simplified procedure / no market-analysis sections (2 pages)
[1628/2161  69%]  eu_multiply_peninsula_isem_2026
  —  RESULT: SKIP — simplified procedure / no market-analysis sections (2 pages)
[1629/2161  69%]  eu_musashi_delta_toyota_2023
  —  RESULT: SKIP — simplified procedure / no market-analysis sections (2 pages)
[1630/2161  69%]  eu_mutares_buderus_2025
  —  RESULT: SKIP — simplified procedure / no market-analysis sections (2 pages)
[1631/2161  69%]  eu_mutares_cimos_2022
  —  RESULT: SKIP — simplified procedure / no market-analysis sections (2 pages)
[1632/2161  69%]  eu_mutares_magirus_2024
  —  RESULT: SKIP — simplified procedure / no market-analysis sections (2 pages)
[1633/2161  69%]  eu_mutares_magna_lighting_business_2026
  —  RESULT: SKIP — simplified procedure / no market-analysis sections (2 pages)
[1634/2161  69%]  eu_mutares_serneke_sverige_2024
  —  RESULT: SKIP — simplified procedure / no market-analysis sections (2 pages)
[1635/2161  69%]  eu_mutares_walor_international_2023
  —  RESULT: SKIP — simplified procedure / no market-analysis sections (2 pages)
[1636/2161  70%]  eu_mytheresa_ynap_2025
  ✓  RESULT: PASS with 2 warning(s) — review before promoting
[1637/2161  70%]  eu_mytilineos_volterra_2024
  —  RESULT: SKIP — simplified procedure / no market-analysis sections (2 pages)
[1638/2161  70%]  eu_naspers_just_eat_takeaway_2025
  ✓  RESULT: PASS with 2 warning(s) — review before promoting
[1639/2161  70%]  eu_nb_ardian_mediolanum_2023
  ✓  RESULT: PASS with 2 warning(s) — review before promoting
[1640/2161  70%]  eu_nbh_nlmk_dansteel_2022
  —  RESULT: SKIP — simplified procedure / no market-analysis sections (2 pages)
[1641/2161  70%]  eu_nbim_oxford_properties_sony_center_2022
  —  RESULT: SKIP — simplified procedure / no market-analysis sections (2 pages)
[1642/2161  70%]  eu_nbim_pspib_capital_park_2022
  —  RESULT: SKIP — simplified procedure / no market-analysis sections (2 pages)
[1643/2161  70%]  eu_ndg_adcg_ascend_commerce_candidate_case_2026
  —  RESULT: SKIP — simplified procedure / no market-analysis sections (2 pages)
[1644/2161  70%]  eu_nemak_gf_casting_solutions_business_2026
  —  RESULT: SKIP — simplified procedure / no market-analysis sections (2 pages)
[1645/2161  70%]  eu_neoenergia_warrington_itabapoana_2025
  —  RESULT: SKIP — simplified procedure / no market-analysis sections (2 pages)
[1646/2161  70%]  eu_neom_dsv_jv_2024
  —  RESULT: SKIP — simplified procedure / no market-analysis sections (2 pages)
[1647/2161  70%]  eu_neste_ravago_jv_2021
  —  RESULT: SKIP — simplified procedure / no market-analysis sections (2 pages)
[1648/2161  70%]  eu_netceed_formerly_etc_group_amadys_2023
  ✓  RESULT: PASS with 2 warning(s) — review before promoting
[1649/2161  70%]  eu_neuberger_ares_onex_2026
  —  RESULT: SKIP — simplified procedure / no market-analysis sections (2 pages)
[1650/2161  70%]  eu_neveon_brantner_sterreich_jv_2024
  —  RESULT: SKIP — simplified procedure / no market-analysis sections (2 pages)
[1651/2161  70%]  eu_new_mountain_francisco_partners_office_ally_2025
  —  RESULT: SKIP — simplified procedure / no market-analysis sections (2 pages)
[1652/2161  70%]  eu_newprinces_carrefour_italia_2025
  ✓  RESULT: PASS with 2 warning(s) — review before promoting
[1653/2161  70%]  eu_nexans_gruppo_ltc_2024
  ✗  RESULT: BLOCKED — fix errors above before promoting to canonical
[1654/2161  70%]  eu_next_wp_pink_2022
  —  RESULT: SKIP — simplified procedure / no market-analysis sections (2 pages)
[1655/2161  70%]  eu_nidec_motor_corporation_embraer_jv_2023
  —  RESULT: SKIP — simplified procedure / no market-analysis sections (2 pages)
[1656/2161  70%]  eu_nippon_express_cargo_partner_2023
  —  RESULT: SKIP — simplified procedure / no market-analysis sections (2 pages)
[1657/2161  70%]  eu_nippon_express_sh_2025
  —  RESULT: SKIP — simplified procedure / no market-analysis sections (2 pages)
[1658/2161  70%]  eu_nippon_steel_sumitomo_jv_2026
  —  RESULT: SKIP — simplified procedure / no market-analysis sections (2 pages)
[1659/2161  71%]  eu_nippon_steel_united_states_steel_2024
  —  RESULT: SKIP — simplified procedure / no market-analysis sections (2 pages)
[1660/2161  71%]  eu_nis_hipp_2022
  —  RESULT: SKIP — simplified procedure / no market-analysis sections (2 pages)
[1661/2161  71%]  eu_nissan_mitsubishi_jv_2025
  —  RESULT: SKIP — simplified procedure / no market-analysis sections (2 pages)
[1662/2161  71%]  eu_nn_metlife_greece_metlife_poland_2021
  ✓  RESULT: PASS with 2 warning(s) — review before promoting
[1663/2161  71%]  eu_nokia_infinera_2025
  ✓  RESULT: PASS with 2 warning(s) — review before promoting
[1664/2161  71%]  eu_nordea_topdanmark_liv_holding_2022
  —  RESULT: SKIP — simplified procedure / no market-analysis sections (2 pages)
[1665/2161  71%]  eu_nordic_capital_ellos_group_2022
  —  RESULT: SKIP — simplified procedure / no market-analysis sections (2 pages)
[1666/2161  71%]  eu_nordic_capital_foxway_2023
  —  RESULT: SKIP — simplified procedure / no market-analysis sections (2 pages)
[1667/2161  71%]  eu_nordic_capital_permira_bavarian_nordic_2025
  —  RESULT: SKIP — simplified procedure / no market-analysis sections (2 pages)
[1668/2161  71%]  eu_nordic_capital_xi_cvc_platinum_ivy_2024
  —  RESULT: SKIP — simplified procedure / no market-analysis sections (2 pages)
[1669/2161  71%]  eu_nordic_metal_alumeco_group_2023
  ✓  RESULT: PASS with 2 warning(s) — review before promoting
[1670/2161  71%]  eu_norwegian_strawberry_loyaltyco_jv_2023
  —  RESULT: SKIP — simplified procedure / no market-analysis sections (2 pages)
[1671/2161  71%]  eu_novo_holdings_kkr_sylvan_2024
  —  RESULT: SKIP — simplified procedure / no market-analysis sections (2 pages)
[1672/2161  71%]  eu_novo_holdings_novo_nordisk_catalent_2024
  ✓  RESULT: PASS with 2 warning(s) — review before promoting
[1673/2161  71%]  eu_novo_holdings_ta_associates_biocomposites_2025
  —  RESULT: SKIP — simplified procedure / no market-analysis sections (2 pages)
[1674/2161  71%]  eu_novofleet_shareholders_of_andamur_road_2023
  —  RESULT: SKIP — simplified procedure / no market-analysis sections (2 pages)
[1675/2161  71%]  eu_novozymes_chr_hansen_holding_2023
  ✗  TypeError: unhashable type: 'dict'
[1676/2161  71%]  eu_nrep_novo_holdings_industriens_pensionforsikring_2024
  —  RESULT: SKIP — simplified procedure / no market-analysis sections (2 pages)
[1677/2161  71%]  eu_nvidia_runai_2024
  ✓  RESULT: PASS with 2 warning(s) — review before promoting
[1678/2161  71%]  eu_nylim_kartesia_2025
  —  RESULT: SKIP — simplified procedure / no market-analysis sections (2 pages)
[1679/2161  71%]  eu_nylim_kartesia_2026
  —  RESULT: SKIP — simplified procedure / no market-analysis sections (2 pages)
[1680/2161  71%]  eu_oai_sbg_sb_oai_jv_2026
  —  RESULT: SKIP — simplified procedure / no market-analysis sections (2 pages)
[1681/2161  71%]  eu_oakley_capital_21_invest_group_plg_2024
  —  RESULT: SKIP — simplified procedure / no market-analysis sections (2 pages)
[1682/2161  72%]  eu_oakley_capital_eurazeo_bridewell_2025
  —  RESULT: SKIP — simplified procedure / no market-analysis sections (2 pages)
[1683/2161  72%]  eu_oakley_capital_eurazeo_itracing_2024
  —  RESULT: SKIP — simplified procedure / no market-analysis sections (2 pages)
[1684/2161  72%]  eu_oakley_capital_ga_at_2025
  —  RESULT: SKIP — simplified procedure / no market-analysis sections (2 pages)
[1685/2161  72%]  eu_oaktree_apollo_2024
  —  RESULT: SKIP — simplified procedure / no market-analysis sections (2 pages)
[1686/2161  72%]  eu_oaktree_ares_vector_2022
  —  RESULT: SKIP — simplified procedure / no market-analysis sections (2 pages)
[1687/2161  72%]  eu_oaktree_basalt_jv_2025
  —  RESULT: SKIP — simplified procedure / no market-analysis sections (2 pages)
[1688/2161  72%]  eu_oaktree_cpp_investments_ports_america_2022
  —  RESULT: SKIP — simplified procedure / no market-analysis sections (2 pages)
[1689/2161  72%]  eu_oaktree_sup_2025
  —  RESULT: SKIP — simplified procedure / no market-analysis sections (2 pages)
[1690/2161  72%]  eu_oakview_fortress_spp_2025
  —  RESULT: SKIP — simplified procedure / no market-analysis sections (2 pages)
[1691/2161  72%]  eu_ocean_yield_geogas_marigold_2024
  —  RESULT: SKIP — simplified procedure / no market-analysis sections (2 pages)
[1692/2161  72%]  eu_ocp_group_koch_industries_jorf_fertilizer_company_2022
  —  RESULT: SKIP — simplified procedure / no market-analysis sections (2 pages)
[1693/2161  72%]  eu_octopus_energy_group_schneider_electric_uplight_2026
  —  RESULT: SKIP — simplified procedure / no market-analysis sections (2 pages)
[1694/2161  72%]  eu_octopus_energy_legal_general_capital_investme_kensa_group_2023
  —  RESULT: SKIP — simplified procedure / no market-analysis sections (2 pages)
[1695/2161  72%]  eu_oep_bartec_2026
  —  RESULT: SKIP — simplified procedure / no market-analysis sections (2 pages)
[1696/2161  72%]  eu_oep_capital_advisors_comau_2024
  —  RESULT: SKIP — simplified procedure / no market-analysis sections (2 pages)
[1697/2161  72%]  eu_oep_capital_advisors_kbr_ix_swat_holdings_2025
  —  RESULT: SKIP — simplified procedure / no market-analysis sections (2 pages)
[1698/2161  72%]  eu_oep_e_winkemann_2024
  —  RESULT: SKIP — simplified procedure / no market-analysis sections (2 pages)
[1699/2161  72%]  eu_oep_ethos_energy_2024
  —  RESULT: SKIP — simplified procedure / no market-analysis sections (2 pages)
[1700/2161  72%]  eu_oep_hitch_emc_cbm_2024
  —  RESULT: SKIP — simplified procedure / no market-analysis sections (2 pages)
[1701/2161  72%]  eu_oep_ix_digital_value_2026
  —  RESULT: SKIP — simplified procedure / no market-analysis sections (2 pages)
[1702/2161  72%]  eu_oep_ix_leviat_group_2026
  —  RESULT: SKIP — simplified procedure / no market-analysis sections (2 pages)
[1703/2161  73%]  eu_oep_kbr_bris_2025
  —  RESULT: SKIP — simplified procedure / no market-analysis sections (2 pages)
[1704/2161  73%]  eu_oji_walki_2024
  —  RESULT: SKIP — simplified procedure / no market-analysis sections (2 pages)
[1705/2161  73%]  eu_olin_mitsui_bwa_jv_2022
  ✓  RESULT: PASS with 2 warning(s) — review before promoting
[1706/2161  73%]  eu_omers_abp_kenter_2023
  ✓  RESULT: PASS with 2 warning(s) — review before promoting
[1707/2161  73%]  eu_omers_apg_groendus_2022
  —  RESULT: SKIP — simplified procedure / no market-analysis sections (2 pages)
[1708/2161  73%]  eu_omers_dws_grandi_stazioni_retail_2024
  —  RESULT: SKIP — simplified procedure / no market-analysis sections (2 pages)
[1709/2161  73%]  eu_omnicom_ipg_2025
  ✗  TypeError: unhashable type: 'dict'
[1710/2161  73%]  eu_omron_kirin_kts_2023
  —  RESULT: SKIP — simplified procedure / no market-analysis sections (2 pages)
[1711/2161  73%]  eu_omv_adamant_adamant_ecodev_candidate_case__2025
  —  RESULT: SKIP — simplified procedure / no market-analysis sections (2 pages)
[1712/2161  73%]  eu_one_lx_pantos_boxlinks_2024
  —  RESULT: SKIP — simplified procedure / no market-analysis sections (2 pages)
[1713/2161  73%]  eu_one_macquarie_trapac_2023
  —  RESULT: SKIP — simplified procedure / no market-analysis sections (2 pages)
[1714/2161  73%]  eu_one_macquarie_yti_2023
  —  RESULT: SKIP — simplified procedure / no market-analysis sections (2 pages)
[1715/2161  73%]  eu_one_rock_capital_europe_snacks_2024
  —  RESULT: SKIP — simplified procedure / no market-analysis sections (2 pages)
[1716/2161  73%]  eu_one_rock_capital_partners_constantia_2023
  —  RESULT: SKIP — simplified procedure / no market-analysis sections (2 pages)
[1717/2161  73%]  eu_one_rock_capital_partners_prefere_resins_2022
  —  RESULT: SKIP — simplified procedure / no market-analysis sections (2 pages)
[1718/2161  73%]  eu_onex_qh_mars_debtco_2024
  —  RESULT: SKIP — simplified procedure / no market-analysis sections (2 pages)
[1719/2161  73%]  eu_onex_rq_accredited_2024
  —  RESULT: SKIP — simplified procedure / no market-analysis sections (2 pages)
[1720/2161  73%]  eu_op_yanfeng_op_target_companies_2026
  —  RESULT: SKIP — simplified procedure / no market-analysis sections (2 pages)
[1721/2161  73%]  eu_open_pass_fortenova_group_2024
  ✓  RESULT: PASS with 2 warning(s) — review before promoting
[1722/2161  73%]  eu_opentext_micro_focus_2022
  —  RESULT: SKIP — simplified procedure / no market-analysis sections (2 pages)
[1723/2161  73%]  eu_oracle_cerner_2022
  ✓  RESULT: PASS with 2 warning(s) — review before promoting
[1724/2161  73%]  eu_orange_masorange_2026
  —  RESULT: SKIP — simplified procedure / no market-analysis sections (2 pages)
[1725/2161  73%]  eu_orange_telekom_romania_communications_2021
  ✓  RESULT: PASS with 2 warning(s) — review before promoting
[1726/2161  74%]  eu_orlen_doppler_energie_2023
  —  RESULT: SKIP — simplified procedure / no market-analysis sections (2 pages)
[1727/2161  74%]  eu_orlen_sge_osge_2023
  —  RESULT: SKIP — simplified procedure / no market-analysis sections (2 pages)
[1728/2161  74%]  eu_otpp_donte_group_2025
  —  RESULT: SKIP — simplified procedure / no market-analysis sections (2 pages)
[1729/2161  74%]  eu_otpp_kkr_greencollar_2022
  —  RESULT: SKIP — simplified procedure / no market-analysis sections (2 pages)
[1730/2161  74%]  eu_otpp_mahindra_mspl_2022
  —  RESULT: SKIP — simplified procedure / no market-analysis sections (2 pages)
[1731/2161  74%]  eu_otpp_nordic_capital_advanz_pharma_2024
  —  RESULT: SKIP — simplified procedure / no market-analysis sections (2 pages)
[1732/2161  74%]  eu_otpp_nordic_capital_xi_max_matthiessen_2025
  —  RESULT: SKIP — simplified procedure / no market-analysis sections (2 pages)
[1733/2161  74%]  eu_p2x_europe_nvg_p2x_portugal_jv_2022
  —  RESULT: SKIP — simplified procedure / no market-analysis sections (2 pages)
[1734/2161  74%]  eu_p66_h2_ee_jv_2022
  —  RESULT: SKIP — simplified procedure / no market-analysis sections (2 pages)
[1735/2161  74%]  eu_pai_partners_bluegem_beautynova_2024
  —  RESULT: SKIP — simplified procedure / no market-analysis sections (2 pages)
[1736/2161  74%]  eu_pai_partners_ecf_2023
  —  RESULT: SKIP — simplified procedure / no market-analysis sections (2 pages)
[1737/2161  74%]  eu_pai_partners_gegenbauer_group_2023
  —  RESULT: SKIP — simplified procedure / no market-analysis sections (2 pages)
[1738/2161  74%]  eu_pai_partners_hfo_group_2024
  —  RESULT: SKIP — simplified procedure / no market-analysis sections (2 pages)
[1739/2161  74%]  eu_pai_partners_hg_azets_2023
  —  RESULT: SKIP — simplified procedure / no market-analysis sections (2 pages)
[1740/2161  74%]  eu_pai_partners_infra_group_2023
  —  RESULT: SKIP — simplified procedure / no market-analysis sections (2 pages)
[1741/2161  74%]  eu_pai_partners_motel_one_2025
  —  RESULT: SKIP — simplified procedure / no market-analysis sections (2 pages)
[1742/2161  74%]  eu_pai_partners_otpp_veonet_2022
  —  RESULT: SKIP — simplified procedure / no market-analysis sections (2 pages)
[1743/2161  74%]  eu_pai_partners_pasubio_2021
  —  RESULT: SKIP — simplified procedure / no market-analysis sections (2 pages)
[1744/2161  74%]  eu_pai_partners_savory_solutions_group_2023
  ✓  RESULT: PASS with 2 warning(s) — review before promoting
[1745/2161  74%]  eu_pai_partners_the_carlyle_group_theramex_2022
  ✓  RESULT: PASS with 2 warning(s) — review before promoting
[1746/2161  74%]  eu_pai_partners_uvesco_2022
  —  RESULT: SKIP — simplified procedure / no market-analysis sections (2 pages)
[1747/2161  75%]  eu_paloma_rheem_fujitsu_general_2025
  —  RESULT: SKIP — simplified procedure / no market-analysis sections (2 pages)
[1748/2161  75%]  eu_paloma_rheem_groupe_atlantic_2026
  —  RESULT: SKIP — simplified procedure / no market-analysis sections (2 pages)
[1749/2161  75%]  eu_pandox_scandic_dalata_2025
  —  RESULT: SKIP — simplified procedure / no market-analysis sections (2 pages)
[1750/2161  75%]  eu_parker_meggitt_2022
  ✓  RESULT: PASS with 2 warning(s) — review before promoting
[1751/2161  75%]  eu_parks_bottom_oxford_accor_2023
  —  RESULT: SKIP — simplified procedure / no market-analysis sections (2 pages)
[1752/2161  75%]  eu_partners_group_forterro_2022
  ✓  RESULT: PASS with 2 warning(s) — review before promoting
[1753/2161  75%]  eu_partners_group_gho_sterling_pharma_2023
  —  RESULT: SKIP — simplified procedure / no market-analysis sections (2 pages)
[1754/2161  75%]  eu_partners_group_kohlberg_usic_2022
  —  RESULT: SKIP — simplified procedure / no market-analysis sections (2 pages)
[1755/2161  75%]  eu_patient_square_carlyle_corrohealth_2024
  —  RESULT: SKIP — simplified procedure / no market-analysis sections (2 pages)
[1756/2161  75%]  eu_pcg_perstorp_2022
  ✓  RESULT: PASS with 2 warning(s) — review before promoting
[1757/2161  75%]  eu_peninsula_itochu_jv_2026
  —  RESULT: SKIP — simplified procedure / no market-analysis sections (2 pages)
[1758/2161  75%]  eu_pep_scp_hyve_2023
  —  RESULT: SKIP — simplified procedure / no market-analysis sections (2 pages)
[1759/2161  75%]  eu_permira_basicnet_kway_2025
  —  RESULT: SKIP — simplified procedure / no market-analysis sections (2 pages)
[1760/2161  75%]  eu_permira_bhp_cargill_2025
  —  RESULT: SKIP — simplified procedure / no market-analysis sections (2 pages)
[1761/2161  75%]  eu_permira_blackstone_adevinta_2024
  —  RESULT: SKIP — simplified procedure / no market-analysis sections (2 pages)
[1762/2161  75%]  eu_permira_ga_property_finder_2025
  —  RESULT: SKIP — simplified procedure / no market-analysis sections (2 pages)
[1763/2161  75%]  eu_permira_gruppo_florence_2023
  —  RESULT: SKIP — simplified procedure / no market-analysis sections (2 pages)
[1764/2161  75%]  eu_permira_hf_zendesk_2022
  —  RESULT: SKIP — simplified procedure / no market-analysis sections (2 pages)
[1765/2161  75%]  eu_permira_hg_ggw_2024
  —  RESULT: SKIP — simplified procedure / no market-analysis sections (2 pages)
[1766/2161  75%]  eu_permira_sestant_kedrion_2022
  ✓  RESULT: PASS with 2 warning(s) — review before promoting
[1767/2161  75%]  eu_permira_thoma_bravo_motus_2021
  —  RESULT: SKIP — simplified procedure / no market-analysis sections (2 pages)
[1768/2161  75%]  eu_permira_warburg_pincus_clearwater_analytics_2026
  —  RESULT: SKIP — simplified procedure / no market-analysis sections (2 pages)
[1769/2161  76%]  eu_petronas_durio_orim_holding_2022
  —  RESULT: SKIP — simplified procedure / no market-analysis sections (2 pages)
[1770/2161  76%]  eu_petronas_npi_canwind_and_northwind_jvs_2023
  —  RESULT: SKIP — simplified procedure / no market-analysis sections (2 pages)
[1771/2161  76%]  eu_petronord_scandinavia_ps_energi_2023
  —  RESULT: SKIP — simplified procedure / no market-analysis sections (2 pages)
[1772/2161  76%]  eu_pfeifer_langen_ihkg_group_latraps_asns_2024
  —  RESULT: SKIP — simplified procedure / no market-analysis sections (2 pages)
[1773/2161  76%]  eu_pfizer_seagen_2023
  ✓  RESULT: PASS with 2 warning(s) — review before promoting
[1774/2161  76%]  eu_pg_velvet_care_2024
  —  RESULT: SKIP — simplified procedure / no market-analysis sections (2 pages)
[1775/2161  76%]  eu_pggm_dif_eqt_2023
  —  RESULT: SKIP — simplified procedure / no market-analysis sections (2 pages)
[1776/2161  76%]  eu_pggm_eurazeo_electra_2024
  —  RESULT: SKIP — simplified procedure / no market-analysis sections (2 pages)
[1777/2161  76%]  eu_pggm_invesis_2025
  —  RESULT: SKIP — simplified procedure / no market-analysis sections (2 pages)
[1778/2161  76%]  eu_philip_morris_international_swedish_match_2022
  ✓  RESULT: PASS with 2 warning(s) — review before promoting
[1779/2161  76%]  eu_philips_ambulanzzentrum_des_uke_jv_2025
  —  RESULT: SKIP — simplified procedure / no market-analysis sections (2 pages)
[1780/2161  76%]  eu_phillips_66_fortress_investment_group_western_oil_2021
  —  RESULT: SKIP — simplified procedure / no market-analysis sections (2 pages)
[1781/2161  76%]  eu_phillips_66_lindsey_refinery_assets_2026
  —  RESULT: SKIP — simplified procedure / no market-analysis sections (2 pages)
[1782/2161  76%]  eu_pho_p_stora_enso_maxau_2022
  —  RESULT: SKIP — simplified procedure / no market-analysis sections (2 pages)
[1783/2161  76%]  eu_phoenix_mckesson_2022
  ✓  RESULT: PASS with 2 warning(s) — review before promoting
[1784/2161  76%]  eu_pic_wanhua_wanhua_petrochemical_2025
  —  RESULT: SKIP — simplified procedure / no market-analysis sections (2 pages)
[1785/2161  76%]  eu_pierer_leoni_2023
  —  RESULT: SKIP — simplified procedure / no market-analysis sections (2 pages)
[1786/2161  76%]  eu_pinnacle_media_redbird_nai_2025
  —  RESULT: SKIP — simplified procedure / no market-analysis sections (2 pages)
[1787/2161  76%]  eu_pirelli_pif_jv_2024
  —  RESULT: SKIP — simplified procedure / no market-analysis sections (2 pages)
[1788/2161  76%]  eu_pkn_orlen_normbenz_selected_hungarian_and_slovak__2022
  ✓  RESULT: PASS with 2 warning(s) — review before promoting
[1789/2161  76%]  eu_plastic_omnium_hbpo_2022
  —  RESULT: SKIP — simplified procedure / no market-analysis sections (2 pages)
[1790/2161  76%]  eu_plastic_omnium_varroc_lighting_division_2022
  —  RESULT: SKIP — simplified procedure / no market-analysis sections (2 pages)
[1791/2161  77%]  eu_platinum_bain_capital_us_lbm_2023
  —  RESULT: SKIP — simplified procedure / no market-analysis sections (3 pages)
[1792/2161  77%]  eu_platinum_compass_digitalbridge_landmark_dividend_2023
  —  RESULT: SKIP — simplified procedure / no market-analysis sections (2 pages)
[1793/2161  77%]  eu_platinum_equity_group_diversey_holdings_2023
  —  RESULT: SKIP — simplified procedure / no market-analysis sections (2 pages)
[1794/2161  77%]  eu_platinum_equity_group_fratelli_polli_2024
  —  RESULT: SKIP — simplified procedure / no market-analysis sections (2 pages)
[1795/2161  77%]  eu_platinum_equity_group_hop_lun_2022
  —  RESULT: SKIP — simplified procedure / no market-analysis sections (2 pages)
[1796/2161  77%]  eu_platinum_equity_group_imerys_htsm_2022
  —  RESULT: SKIP — simplified procedure / no market-analysis sections (2 pages)
[1797/2161  77%]  eu_platinum_equity_group_nch_2025
  —  RESULT: SKIP — simplified procedure / no market-analysis sections (2 pages)
[1798/2161  77%]  eu_platinum_equity_group_solenis_2021
  —  RESULT: SKIP — simplified procedure / no market-analysis sections (2 pages)
[1799/2161  77%]  eu_platinum_equity_group_solo_group_2025
  —  RESULT: SKIP — simplified procedure / no market-analysis sections (2 pages)
[1800/2161  77%]  eu_platinum_equity_group_sunrise_medical_2024
  —  RESULT: SKIP — simplified procedure / no market-analysis sections (2 pages)
[1801/2161  77%]  eu_platinum_equity_kohler_energy_2024
  —  RESULT: SKIP — simplified procedure / no market-analysis sections (2 pages)
[1802/2161  77%]  eu_platinum_ivy_cinven_firebird_2024
  —  RESULT: SKIP — simplified procedure / no market-analysis sections (2 pages)
[1803/2161  77%]  eu_pld_nbim_german_real_estate_assets_2025
  —  RESULT: SKIP — simplified procedure / no market-analysis sections (2 pages)
[1804/2161  77%]  eu_pld_nbim_sant_boi_de_llobregat_asset_2022
  —  RESULT: SKIP — simplified procedure / no market-analysis sections (2 pages)
[1805/2161  77%]  eu_pld_nbim_sehnde_asset_2024
  —  RESULT: SKIP — simplified procedure / no market-analysis sections (2 pages)
[1806/2161  77%]  eu_pld_nbim_target_asset_bleiswijk_2022
  —  RESULT: SKIP — simplified procedure / no market-analysis sections (2 pages)
[1807/2161  77%]  eu_pld_nbim_unipart_group_car_park_2022
  —  RESULT: SKIP — simplified procedure / no market-analysis sections (2 pages)
[1808/2161  77%]  eu_pld_nbim_veghel_2023
  —  RESULT: SKIP — simplified procedure / no market-analysis sections (2 pages)
[1809/2161  77%]  eu_plenitude_sg_investor_jv_2026
  —  RESULT: SKIP — simplified procedure / no market-analysis sections (2 pages)
[1810/2161  77%]  eu_polaris_management_csfi_2025
  —  RESULT: SKIP — simplified procedure / no market-analysis sections (2 pages)
[1811/2161  77%]  eu_pon_holdings_autohaus_adelbert_moll_flexxdrive_2022
  —  RESULT: SKIP — simplified procedure / no market-analysis sections (2 pages)
[1812/2161  78%]  eu_ponbike_vwfs_glinicke_2023
  —  RESULT: SKIP — simplified procedure / no market-analysis sections (2 pages)
[1813/2161  78%]  eu_porsche_austria_wolfgang_denzel_auto_saubermacher_dienstleistung_2022
  —  RESULT: SKIP — simplified procedure / no market-analysis sections (2 pages)
[1814/2161  78%]  eu_post_bgl_bcee_2022
  —  RESULT: SKIP — simplified procedure / no market-analysis sections (2 pages)
[1815/2161  78%]  eu_ppc_metlen_jv_2026
  —  RESULT: SKIP — simplified procedure / no market-analysis sections (2 pages)
[1816/2161  78%]  eu_ppf_itis_holding_2025
  —  RESULT: SKIP — simplified procedure / no market-analysis sections (2 pages)
[1817/2161  78%]  eu_prada_versace_2025
  —  RESULT: SKIP — simplified procedure / no market-analysis sections (2 pages)
[1818/2161  78%]  eu_prax_oil_2023
  —  RESULT: SKIP — simplified procedure / no market-analysis sections (2 pages)
[1819/2161  78%]  eu_predica_vauban_telefonica_2022
  —  RESULT: SKIP — simplified procedure / no market-analysis sections (2 pages)
[1820/2161  78%]  eu_premereni_suas_clean_energy_jvs_2023
  —  RESULT: SKIP — simplified procedure / no market-analysis sections (2 pages)
[1821/2161  78%]  eu_prince_ferro_2022
  ✓  RESULT: PASS with 2 warning(s) — review before promoting
[1822/2161  78%]  eu_proman_valenz_2024
  —  RESULT: SKIP — simplified procedure / no market-analysis sections (2 pages)
[1823/2161  78%]  eu_providence_equity_partners_rothschild_co_a2mac1_2022
  —  RESULT: SKIP — simplified procedure / no market-analysis sections (2 pages)
[1824/2161  78%]  eu_proximus_ethias_jv_2023
  —  RESULT: SKIP — simplified procedure / no market-analysis sections (2 pages)
[1825/2161  78%]  eu_psa_duisport_hupac_2023
  —  RESULT: SKIP — simplified procedure / no market-analysis sections (2 pages)
[1826/2161  78%]  eu_psg_equity_rivean_capital_corilus_2024
  —  RESULT: SKIP — simplified procedure / no market-analysis sections (2 pages)
[1827/2161  78%]  eu_psp_fund_vi_bci_driscolls_2023
  —  RESULT: SKIP — simplified procedure / no market-analysis sections (2 pages)
[1828/2161  78%]  eu_psp_macquarie_art_2024
  —  RESULT: SKIP — simplified procedure / no market-analysis sections (3 pages)
[1829/2161  78%]  eu_pspib_4f_vsa_2026
  —  RESULT: SKIP — simplified procedure / no market-analysis sections (2 pages)
[1830/2161  78%]  eu_pspib_cbre_agiv_2025
  —  RESULT: SKIP — simplified procedure / no market-analysis sections (2 pages)
[1831/2161  78%]  eu_pspib_cppib_cintra_2025
  —  RESULT: SKIP — simplified procedure / no market-analysis sections (2 pages)
[1832/2161  78%]  eu_pspib_digitalbridge_skyline_2025
  —  RESULT: SKIP — simplified procedure / no market-analysis sections (2 pages)
[1833/2161  78%]  eu_pss_maccaferri_jv_2025
  —  RESULT: SKIP — simplified procedure / no market-analysis sections (2 pages)
[1834/2161  79%]  eu_pttgc_allnex_2021
  ✓  RESULT: PASS with 2 warning(s) — review before promoting
[1835/2161  79%]  eu_public_power_corporation_enel_romania_2023
  —  RESULT: SKIP — simplified procedure / no market-analysis sections (2 pages)
[1836/2161  79%]  eu_pure_health_holding_hellenic_healthcare_2025
  —  RESULT: SKIP — simplified procedure / no market-analysis sections (2 pages)
[1837/2161  79%]  eu_qia_oia_asaal_international_investment_2023
  —  RESULT: SKIP — simplified procedure / no market-analysis sections (2 pages)
[1838/2161  79%]  eu_qia_oia_rakiza_2024
  —  RESULT: SKIP — simplified procedure / no market-analysis sections (2 pages)
[1839/2161  79%]  eu_quattror_bc_partners_cigierre_2025
  —  RESULT: SKIP — simplified procedure / no market-analysis sections (2 pages)
[1840/2161  79%]  eu_quattror_imtc_mtd_2022
  —  RESULT: SKIP — simplified procedure / no market-analysis sections (2 pages)
[1841/2161  79%]  eu_quattror_massimo_zanetti_beverage_group_2024
  —  RESULT: SKIP — simplified procedure / no market-analysis sections (2 pages)
[1842/2161  79%]  eu_raffles_apg_cmgo_2022
  —  RESULT: SKIP — simplified procedure / no market-analysis sections (2 pages)
[1843/2161  79%]  eu_ravago_indukern_2021
  —  RESULT: SKIP — simplified procedure / no market-analysis sections (2 pages)
[1844/2161  79%]  eu_rcl_cruises_msc_cruises_jv_2026
  —  RESULT: SKIP — simplified procedure / no market-analysis sections (2 pages)
[1845/2161  79%]  eu_rcl_cruises_msc_cruises_naha_jv_2025
  —  RESULT: SKIP — simplified procedure / no market-analysis sections (2 pages)
[1846/2161  79%]  eu_refresco_group_hansaheemann_2022
  ✓  RESULT: PASS with 2 warning(s) — review before promoting
[1847/2161  79%]  eu_regal_rexnord_altra_2023
  —  RESULT: SKIP — simplified procedure / no market-analysis sections (2 pages)
[1848/2161  79%]  eu_reggeborgh_ellaktor_2022
  —  RESULT: SKIP — simplified procedure / no market-analysis sections (2 pages)
[1849/2161  79%]  eu_reitan_retail_norwegian_strawberry_2025
  —  RESULT: SKIP — simplified procedure / no market-analysis sections (2 pages)
[1850/2161  79%]  eu_reliance_brookfield_digital_realty_2023
  —  RESULT: SKIP — simplified procedure / no market-analysis sections (2 pages)
[1851/2161  79%]  eu_remondis_hm_jv_2022
  —  RESULT: SKIP — simplified procedure / no market-analysis sections (2 pages)
[1852/2161  79%]  eu_renault_geely_jv_2023
  —  RESULT: SKIP — simplified procedure / no market-analysis sections (2 pages)
[1853/2161  79%]  eu_renault_meinautogroup_2023
  —  RESULT: SKIP — simplified procedure / no market-analysis sections (2 pages)
[1854/2161  79%]  eu_renault_minth_jv_2023
  —  RESULT: SKIP — simplified procedure / no market-analysis sections (2 pages)
[1855/2161  80%]  eu_renault_plug_power_hyvia_2024
  —  RESULT: SKIP — simplified procedure / no market-analysis sections (2 pages)
[1856/2161  80%]  eu_rengo_mc_mct_2023
  —  RESULT: SKIP — simplified procedure / no market-analysis sections (2 pages)
[1857/2161  80%]  eu_renre_validus_re_alphacat_2023
  —  RESULT: SKIP — simplified procedure / no market-analysis sections (2 pages)
[1858/2161  80%]  eu_repsol_bunge_bisa_2025
  ✓  RESULT: PASS with 2 warning(s) — review before promoting
[1859/2161  80%]  eu_repsol_telefonica_jv_2022
  —  RESULT: SKIP — simplified procedure / no market-analysis sections (2 pages)
[1860/2161  80%]  eu_rethmann_transdev_2025
  —  RESULT: SKIP — simplified procedure / no market-analysis sections (2 pages)
[1861/2161  80%]  eu_rheinmetall_knds_uab_lithuania_defense_services_2024
  —  RESULT: SKIP — simplified procedure / no market-analysis sections (2 pages)
[1862/2161  80%]  eu_rheinmetall_naval_systems_nvl_2026
  —  RESULT: SKIP — simplified procedure / no market-analysis sections (2 pages)
[1863/2161  80%]  eu_rhne_capital_invacare_dhg_2025
  ✓  RESULT: PASS with 2 warning(s) — review before promoting
[1864/2161  80%]  eu_ril_twdc_bts1_2024
  —  RESULT: SKIP — simplified procedure / no market-analysis sections (2 pages)
[1865/2161  80%]  eu_robert_bosch_jci_2025
  —  RESULT: SKIP — simplified procedure / no market-analysis sections (2 pages)
[1866/2161  80%]  eu_robert_bosch_mitsubishi_bosch_mc_battery_service_innov_2025
  —  RESULT: SKIP — simplified procedure / no market-analysis sections (2 pages)
[1867/2161  80%]  eu_rocky_centerbridge_indus_reit_2023
  —  RESULT: SKIP — simplified procedure / no market-analysis sections (2 pages)
[1868/2161  80%]  eu_rolex_bucherer_2024
  ✓  RESULT: PASS with 2 warning(s) — review before promoting
[1869/2161  80%]  eu_rollsroyce_cez_holdings_rollsroyce_smr_2025
  —  RESULT: SKIP — simplified procedure / no market-analysis sections (2 pages)
[1870/2161  80%]  eu_roquette_iff_pharma_solutions_business_2025
  ✓  RESULT: PASS with 2 warning(s) — review before promoting
[1871/2161  80%]  eu_rtl_deutschland_sevenone_entertainment_group_addressable_tv_technology_jv_2022
  —  RESULT: SKIP — simplified procedure / no market-analysis sections (2 pages)
[1872/2161  80%]  eu_rtl_group_talpa_network_2022
  —  RESULT: SKIP — simplified procedure / no market-analysis sections (2 pages)
[1873/2161  80%]  eu_ruhr_energy_ruhr_oel_gelsenkirchen_raffinerie_netz_2026
  —  RESULT: SKIP — simplified procedure / no market-analysis sections (2 pages)
[1874/2161  80%]  eu_rwe_newco_eemshaven_2022
  ✓  RESULT: PASS with 2 warning(s) — review before promoting
[1875/2161  80%]  eu_sabic_an_etg_world_eihl_2023
  —  RESULT: SKIP — simplified procedure / no market-analysis sections (2 pages)
[1876/2161  80%]  eu_sadco_dpdhl_jv_2023
  —  RESULT: SKIP — simplified procedure / no market-analysis sections (2 pages)
[1877/2161  81%]  eu_sadco_hacp_jv_2022
  —  RESULT: SKIP — simplified procedure / no market-analysis sections (2 pages)
[1878/2161  81%]  eu_safran_part_of_collins_aerospaces_act_2025
  ✓  RESULT: PASS with 2 warning(s) — review before promoting
[1879/2161  81%]  eu_sagard_uk_unigestion_pe_2026
  —  RESULT: SKIP — simplified procedure / no market-analysis sections (2 pages)
[1880/2161  81%]  eu_sagax_swiss_life_jv_2025
  —  RESULT: SKIP — simplified procedure / no market-analysis sections (2 pages)
[1881/2161  81%]  eu_sagitta_mia_coin_2025
  —  RESULT: SKIP — simplified procedure / no market-analysis sections (2 pages)
[1882/2161  81%]  eu_sagitta_rde_group_2024
  —  RESULT: SKIP — simplified procedure / no market-analysis sections (2 pages)
[1883/2161  81%]  eu_salic_olam_agri_2025
  —  RESULT: SKIP — simplified procedure / no market-analysis sections (2 pages)
[1884/2161  81%]  eu_salic_olam_olam_agri_2022
  —  RESULT: SKIP — simplified procedure / no market-analysis sections (2 pages)
[1885/2161  81%]  eu_salling_group_rimi_baltic_2025
  —  RESULT: SKIP — simplified procedure / no market-analysis sections (2 pages)
[1886/2161  81%]  eu_salmar_nts_2022
  ✓  RESULT: PASS with 2 warning(s) — review before promoting
[1887/2161  81%]  eu_salzgitter_mannesmann_httenwerke_krupp_mannesmann_2026
  —  RESULT: SKIP — simplified procedure / no market-analysis sections (2 pages)
[1888/2161  81%]  eu_samskip_duisport_tx_logistik_2023
  —  RESULT: SKIP — simplified procedure / no market-analysis sections (2 pages)
[1889/2161  81%]  eu_samsung_biologics_samsung_bioepis_2022
  —  RESULT: SKIP — simplified procedure / no market-analysis sections (2 pages)
[1890/2161  81%]  eu_samsung_electronics_flktgroup_2025
  —  RESULT: SKIP — simplified procedure / no market-analysis sections (2 pages)
[1891/2161  81%]  eu_sanlam_allianz_sanlam_allianz_africa_jv_2022
  —  RESULT: SKIP — simplified procedure / no market-analysis sections (2 pages)
[1892/2161  81%]  eu_sanmina_zt_2025
  —  RESULT: SKIP — simplified procedure / no market-analysis sections (2 pages)
[1893/2161  81%]  eu_santander_mapfre_jv_2022
  —  RESULT: SKIP — simplified procedure / no market-analysis sections (2 pages)
[1894/2161  81%]  eu_santander_pemberton_emerald_jv_2024
  —  RESULT: SKIP — simplified procedure / no market-analysis sections (2 pages)
[1895/2161  81%]  eu_santander_stellantis_opel_bank_assets_2022
  ✓  RESULT: PASS with 2 warning(s) — review before promoting
[1896/2161  81%]  eu_sats_temasek_ph_243wfs_2023
  ✗  TIMEOUT — case exceeded 6 min limit (stalled PDF fetch or API call)
[1897/2161  81%]  eu_savvy_tencent_ying_2023
  —  RESULT: SKIP — simplified procedure / no market-analysis sections (2 pages)
[1898/2161  81%]  eu_sbg_abb_robotics_2026
  —  RESULT: SKIP — simplified procedure / no market-analysis sections (2 pages)
[1899/2161  81%]  eu_scania_sennder_jv_2023
  —  RESULT: SKIP — simplified procedure / no market-analysis sections (2 pages)
[1900/2161  82%]  eu_schroders_phoenix_group_future_growth_capital_2024
  —  RESULT: SKIP — simplified procedure / no market-analysis sections (2 pages)
[1901/2161  82%]  eu_scintia_beiersdorf_2022
  —  RESULT: SKIP — simplified procedure / no market-analysis sections (2 pages)
[1902/2161  82%]  eu_scl_ethias_ethias_lease_jv_2023
  —  RESULT: SKIP — simplified procedure / no market-analysis sections (2 pages)
[1903/2161  82%]  eu_se_ag_sec_sepg_2022
  —  RESULT: SKIP — simplified procedure / no market-analysis sections (2 pages)
[1904/2161  82%]  eu_sec_dussur_3d_systems_2025
  —  RESULT: SKIP — simplified procedure / no market-analysis sections (2 pages)
[1905/2161  82%]  eu_securitas_stanley_security_2022
  ✗  TIMEOUT — case exceeded 6 min limit (stalled PDF fetch or API call)
[1906/2161  82%]  eu_sefe_wiga_wiga_gp_2024
  —  RESULT: SKIP — simplified procedure / no market-analysis sections (2 pages)
[1907/2161  82%]  eu_segro_pspib_central_bohemia_target_asset_2025
  —  RESULT: SKIP — simplified procedure / no market-analysis sections (2 pages)
[1908/2161  82%]  eu_segro_pspib_real_estate_assets_2025
  —  RESULT: SKIP — simplified procedure / no market-analysis sections (2 pages)
[1909/2161  82%]  eu_segro_pspib_regensburg_asset_2024
  —  RESULT: SKIP — simplified procedure / no market-analysis sections (2 pages)
[1910/2161  82%]  eu_segro_pspib_target_asset_south_paris_2022
  —  RESULT: SKIP — simplified procedure / no market-analysis sections (2 pages)
[1911/2161  82%]  eu_selfinvest_llg_selected_car_group_jv_2022
  —  RESULT: SKIP — simplified procedure / no market-analysis sections (2 pages)
[1912/2161  82%]  eu_sennder_est_2024
  —  RESULT: SKIP — simplified procedure / no market-analysis sections (2 pages)
[1913/2161  82%]  eu_sennder_lkww_truckerpoints_2026
  —  RESULT: SKIP — simplified procedure / no market-analysis sections (2 pages)
[1914/2161  82%]  eu_seventh_cinven_fund_restaurant_brands_iberia_2021
  —  RESULT: SKIP — simplified procedure / no market-analysis sections (2 pages)
[1915/2161  82%]  eu_sfpim_lineas_2026
  —  RESULT: SKIP — simplified procedure / no market-analysis sections (2 pages)
[1916/2161  82%]  eu_sgif_edf_perfesco_2024
  —  RESULT: SKIP — simplified procedure / no market-analysis sections (2 pages)
[1917/2161  82%]  eu_shell_ego_2023
  —  RESULT: SKIP — simplified procedure / no market-analysis sections (2 pages)
[1918/2161  82%]  eu_shell_group_pavilion_2024
  —  RESULT: SKIP — simplified procedure / no market-analysis sections (2 pages)
[1919/2161  82%]  eu_sicit_group_tpg_renaissance_partners_2025
  —  RESULT: SKIP — simplified procedure / no market-analysis sections (2 pages)
[1920/2161  82%]  eu_sika_mbcc_group_2023
  ✗  TIMEOUT — case exceeded 6 min limit (stalled PDF fetch or API call)
[1921/2161  82%]  eu_silver_fawn_mhi_ayosa_hoteles_2023
  —  RESULT: SKIP — simplified procedure / no market-analysis sections (2 pages)
[1922/2161  82%]  eu_silver_lake_australiansuper_digitalbridge_2024
  —  RESULT: SKIP — simplified procedure / no market-analysis sections (2 pages)
[1923/2161  83%]  eu_silver_lake_cvc_sphinx_2021
  —  RESULT: SKIP — simplified procedure / no market-analysis sections (2 pages)
[1924/2161  83%]  eu_silver_lake_digitalbridge_vantage_na_data_center_assets_2024
  —  RESULT: SKIP — simplified procedure / no market-analysis sections (2 pages)
[1925/2161  83%]  eu_silver_lake_software_ag_2023
  —  RESULT: SKIP — simplified procedure / no market-analysis sections (2 pages)
[1926/2161  83%]  eu_silver_point_capital_ascend_performance_materials_h_2025
  —  RESULT: SKIP — simplified procedure / no market-analysis sections (2 pages)
[1927/2161  83%]  eu_siris_capital_group_eim_gigamon_2025
  —  RESULT: SKIP — simplified procedure / no market-analysis sections (2 pages)
[1928/2161  83%]  eu_sirius_brookfield_paradise_jv_2026
  —  RESULT: SKIP — simplified procedure / no market-analysis sections (2 pages)
[1929/2161  83%]  eu_sixth_street_f2i_new_sorgenia_jv_2025
  —  RESULT: SKIP — simplified procedure / no market-analysis sections (2 pages)
[1930/2161  83%]  eu_sk_capital_partners_polymer_additives_holdings_2022
  ✗  TIMEOUT — case exceeded 6 min limit (stalled PDF fetch or API call)
[1931/2161  83%]  eu_sk_capital_partners_seqens_2021
  ✗  TIMEOUT — case exceeded 6 min limit (stalled PDF fetch or API call)
[1932/2161  83%]  eu_sk_capital_swixx_biopharma_2026
  —  RESULT: SKIP — simplified procedure / no market-analysis sections (2 pages)
[1933/2161  83%]  eu_skg_westrock_2024
  —  RESULT: SKIP — simplified procedure / no market-analysis sections (2 pages)
[1934/2161  83%]  eu_skion_bmz_2026
  —  RESULT: SKIP — simplified procedure / no market-analysis sections (2 pages)
[1935/2161  83%]  eu_skipjack_mitsui_osk_lines_international_transportation_2023
  —  RESULT: SKIP — simplified procedure / no market-analysis sections (2 pages)
[1936/2161  83%]  eu_smartseller_fnsg_smartseller_fn_jv_2023
  —  RESULT: SKIP — simplified procedure / no market-analysis sections (2 pages)
[1937/2161  83%]  eu_smfg_jefferies_japanese_equities_jv_2025
  —  RESULT: SKIP — simplified procedure / no market-analysis sections (2 pages)
[1938/2161  83%]  eu_smithfield_foods_existing_shareholders_argal_2024
  —  RESULT: SKIP — simplified procedure / no market-analysis sections (2 pages)
[1939/2161  83%]  eu_smrp_dr_schneider_group_2023
  —  RESULT: SKIP — simplified procedure / no market-analysis sections (2 pages)
[1940/2161  83%]  eu_smrp_sas_autosystemtechnik_2023
  ✗  TIMEOUT — case exceeded 6 min limit (stalled PDF fetch or API call)
[1941/2161  83%]  eu_sms_altor_fund_manager_kaefer_holding_2022
  —  RESULT: SKIP — simplified procedure / no market-analysis sections (2 pages)
[1942/2161  83%]  eu_snam_eni_jv_2022
  ✗  TIMEOUT — case exceeded 6 min limit (stalled PDF fetch or API call)
[1943/2161  83%]  eu_socar_ip_2026
  —  RESULT: SKIP — simplified procedure / no market-analysis sections (2 pages)
[1944/2161  83%]  eu_socit_gnrale_hyundai_motor_company_jv_2021
  —  RESULT: SKIP — simplified procedure / no market-analysis sections (2 pages)
[1945/2161  83%]  eu_sodecia_huf_holding_huf_hlsbeck_frst_2025
  —  RESULT: SKIP — simplified procedure / no market-analysis sections (2 pages)
[1946/2161  83%]  eu_sodexo_grupo_mediterranea_de_catering_2025
  —  RESULT: SKIP — simplified procedure / no market-analysis sections (2 pages)
[1947/2161  83%]  eu_sofon_steml_mro_jv_2025
  —  RESULT: SKIP — simplified procedure / no market-analysis sections (2 pages)
[1948/2161  83%]  eu_softbank_digitalbridge_2026
  —  RESULT: SKIP — simplified procedure / no market-analysis sections (2 pages)
[1949/2161  84%]  eu_sojitz_corporation_nexus_2025
  —  RESULT: SKIP — simplified procedure / no market-analysis sections (2 pages)
[1950/2161  84%]  eu_solina_portobello_eurocebollas_2025
  —  RESULT: SKIP — simplified procedure / no market-analysis sections (2 pages)
[1951/2161  84%]  eu_sonaca_govera_inversiones_aciturri_aeronautica_2025
  —  RESULT: SKIP — simplified procedure / no market-analysis sections (2 pages)
[1952/2161  84%]  eu_sonae_bkcf_bksa_2023
  —  RESULT: SKIP — simplified procedure / no market-analysis sections (2 pages)
[1953/2161  84%]  eu_sonae_musti_group_2024
  —  RESULT: SKIP — simplified procedure / no market-analysis sections (2 pages)
[1954/2161  84%]  eu_sonoco_eviosys_2024
  —  RESULT: SKIP — simplified procedure / no market-analysis sections (2 pages)
[1955/2161  84%]  eu_sony_honda_jv_2022
  —  RESULT: SKIP — simplified procedure / no market-analysis sections (2 pages)
[1956/2161  84%]  eu_south32_kghm_sierra_gorda_2022
  —  RESULT: SKIP — simplified procedure / no market-analysis sections (2 pages)
[1957/2161  84%]  eu_sp_global_ihs_markit_2021
  ✗  TIMEOUT — case exceeded 6 min limit (stalled PDF fetch or API call)
[1958/2161  84%]  eu_spie_robur_2024
  —  RESULT: SKIP — simplified procedure / no market-analysis sections (2 pages)
[1959/2161  84%]  eu_spie_strukton_services_2022
  —  RESULT: SKIP — simplified procedure / no market-analysis sections (2 pages)
[1960/2161  84%]  eu_sqm_codelco_sqm_salar_jv_2025
  —  RESULT: SKIP — simplified procedure / no market-analysis sections (2 pages)
[1961/2161  84%]  eu_sri_dunlop_tire_business_2025
  —  RESULT: SKIP — simplified procedure / no market-analysis sections (2 pages)
[1962/2161  84%]  eu_ssg_ordina_2023
  —  RESULT: SKIP — simplified procedure / no market-analysis sections (2 pages)
[1963/2161  84%]  eu_state_street_bbh_investor_services_business_2022
  ✗  TIMEOUT — case exceeded 6 min limit (stalled PDF fetch or API call)
[1964/2161  84%]  eu_stellantis_bbva_fca_fc_2025
  —  RESULT: SKIP — simplified procedure / no market-analysis sections (2 pages)
[1965/2161  84%]  eu_stellantis_hon_hai_precision_industry_jv_2023
  —  RESULT: SKIP — simplified procedure / no market-analysis sections (2 pages)
[1966/2161  84%]  eu_stellantis_michelin_forvia_2023
  ✗  TIMEOUT — case exceeded 6 min limit (stalled PDF fetch or API call)
[1967/2161  84%]  eu_stena_midsona_2023
  —  RESULT: SKIP — simplified procedure / no market-analysis sections (2 pages)
[1968/2161  84%]  eu_stone_point_gtcr_ultimus_2025
  —  RESULT: SKIP — simplified procedure / no market-analysis sections (2 pages)
[1969/2161  84%]  eu_stone_point_hps_mdp_2025
  —  RESULT: SKIP — simplified procedure / no market-analysis sections (2 pages)
[1970/2161  84%]  eu_stonepeak_orsted_oona_energy_2024
  —  RESULT: SKIP — simplified procedure / no market-analysis sections (2 pages)
[1971/2161  84%]  eu_stonepeak_repsol_outpost_solar_sellco_2026
  —  RESULT: SKIP — simplified procedure / no market-analysis sections (2 pages)
[1972/2161  84%]  eu_stonepeak_repsol_pecos_renewables_jv_2025
  —  RESULT: SKIP — simplified procedure / no market-analysis sections (2 pages)
[1973/2161  84%]  eu_stonepeak_seaco_2025
  ✗  TIMEOUT — case exceeded 6 min limit (stalled PDF fetch or API call)
[1974/2161  84%]  eu_stonepeak_triton_ifco_2025
  —  RESULT: SKIP — simplified procedure / no market-analysis sections (2 pages)
[1975/2161  85%]  eu_stora_enso_de_jong_papier_holding_djv_holding_2022
  —  RESULT: SKIP — simplified procedure / no market-analysis sections (2 pages)
[1976/2161  85%]  eu_strabag_wte_2025
  —  RESULT: SKIP — simplified procedure / no market-analysis sections (2 pages)
[1977/2161  85%]  eu_strategic_value_partners_nordic_paper_2024
  —  RESULT: SKIP — simplified procedure / no market-analysis sections (2 pages)
[1978/2161  85%]  eu_stx_marine_olie_2024
  —  RESULT: SKIP — simplified procedure / no market-analysis sections (3 pages)
[1979/2161  85%]  eu_suez_acea_jv_2022
  —  RESULT: SKIP — simplified procedure / no market-analysis sections (2 pages)
[1980/2161  85%]  eu_sumitomo_eew_holding_eew_offshore_wind_eu_holding_2024
  —  RESULT: SKIP — simplified procedure / no market-analysis sections (2 pages)
[1981/2161  85%]  eu_sumitomo_osaka_gas_i_squared_2024
  —  RESULT: SKIP — simplified procedure / no market-analysis sections (2 pages)
[1982/2161  85%]  eu_sumitomo_vodafone_jv_2023
  —  RESULT: SKIP — simplified procedure / no market-analysis sections (2 pages)
[1983/2161  85%]  eu_sunstone_platinum_globe_digitalbridge_2025
  —  RESULT: SKIP — simplified procedure / no market-analysis sections (2 pages)
[1984/2161  85%]  eu_svp_apcoa_2023
  —  RESULT: SKIP — simplified procedure / no market-analysis sections (2 pages)
[1985/2161  85%]  eu_svp_oq_chemicals_2025
  —  RESULT: SKIP — simplified procedure / no market-analysis sections (2 pages)
[1986/2161  85%]  eu_swiss_life_digitalbridge_infrabridge_investor_nile_2024
  —  RESULT: SKIP — simplified procedure / no market-analysis sections (2 pages)
[1987/2161  85%]  eu_swiss_life_holding_apg_itinere_2025
  —  RESULT: SKIP — simplified procedure / no market-analysis sections (2 pages)
[1988/2161  85%]  eu_swiss_life_holding_vauban_infrastructure_partners_aves_one_2021
  —  RESULT: SKIP — simplified procedure / no market-analysis sections (2 pages)
[1989/2161  85%]  eu_swiss_life_international_holdi_elips_life_2022
  —  RESULT: SKIP — simplified procedure / no market-analysis sections (2 pages)
[1990/2161  85%]  eu_swiss_life_nbim_gait_2024
  —  RESULT: SKIP — simplified procedure / no market-analysis sections (2 pages)
[1991/2161  85%]  eu_swiss_life_sgc_east_london_energy_2023
  —  RESULT: SKIP — simplified procedure / no market-analysis sections (2 pages)
[1992/2161  85%]  eu_swiss_life_vauban_wascosa_2022
  —  RESULT: SKIP — simplified procedure / no market-analysis sections (2 pages)
[1993/2161  85%]  eu_swoctem_klckner_2023
  —  RESULT: SKIP — simplified procedure / no market-analysis sections (2 pages)
[1994/2161  85%]  eu_synopsys_ansys_2025
  ✗  TIMEOUT — case exceeded 6 min limit (stalled PDF fetch or API call)
[1995/2161  85%]  eu_ta_anacap_managers_2_2023
  —  RESULT: SKIP — simplified procedure / no market-analysis sections (3 pages)
[1996/2161  85%]  eu_ta_associates_carlyle_ser_group_2024
  —  RESULT: SKIP — simplified procedure / no market-analysis sections (2 pages)
[1997/2161  86%]  eu_ta_associates_clearlake_kofax_2022
  —  RESULT: SKIP — simplified procedure / no market-analysis sections (2 pages)
[1998/2161  86%]  eu_ta_associates_sscp_macquarie_2024
  —  RESULT: SKIP — simplified procedure / no market-analysis sections (2 pages)
[1999/2161  86%]  eu_ta_associates_vista_icims_2022
  —  RESULT: SKIP — simplified procedure / no market-analysis sections (2 pages)
[2000/2161  86%]  eu_ta_associates_warburg_pincus_epassi_2023
  —  RESULT: SKIP — simplified procedure / no market-analysis sections (2 pages)
[2001/2161  86%]  eu_ta_associates_warburg_pincus_exercite_group_2024
  —  RESULT: SKIP — simplified procedure / no market-analysis sections (2 pages)
[2002/2161  86%]  eu_tabreed_dif_pal_cooling_jv_2025
  —  RESULT: SKIP — simplified procedure / no market-analysis sections (2 pages)
[2003/2161  86%]  eu_taco_ichikoh_vls_chennai_2026
  —  RESULT: SKIP — simplified procedure / no market-analysis sections (2 pages)
[2004/2161  86%]  eu_tai_lgesmi_green_metals_battery_innovatio_2025
  —  RESULT: SKIP — simplified procedure / no market-analysis sections (2 pages)
[2005/2161  86%]  eu_taiyo_nippon_sanso_astomos_energy_astomos_retailing_2023
  —  RESULT: SKIP — simplified procedure / no market-analysis sections (2 pages)
[2006/2161  86%]  eu_talisman_mercuria_itochu_2026
  —  RESULT: SKIP — simplified procedure / no market-analysis sections (2 pages)
[2007/2161  86%]  eu_tapestry_capri_2024
  ✗  TIMEOUT — case exceeded 6 min limit (stalled PDF fetch or API call)
[2008/2161  86%]  eu_tasaru_benteler_holon_2024
  —  RESULT: SKIP — simplified procedure / no market-analysis sections (2 pages)
[2009/2161  86%]  eu_tata_motors_iveco_group_2025
  —  RESULT: SKIP — simplified procedure / no market-analysis sections (2 pages)
[2010/2161  86%]  eu_tata_sons_assets_of_international_automo_2025
  —  RESULT: SKIP — simplified procedure / no market-analysis sections (2 pages)
[2011/2161  86%]  eu_tav_fraport_fb_jv_2024
  —  RESULT: SKIP — simplified procedure / no market-analysis sections (2 pages)
[2012/2161  86%]  eu_tav_fraport_fta_i_jv_2024
  —  RESULT: SKIP — simplified procedure / no market-analysis sections (2 pages)
[2013/2161  86%]  eu_tdr_capital_arrow_global_2021
  —  RESULT: SKIP — simplified procedure / no market-analysis sections (2 pages)
[2014/2161  86%]  eu_tdr_capital_bubbles_bidco_2024
  —  RESULT: SKIP — simplified procedure / no market-analysis sections (2 pages)
[2015/2161  86%]  eu_tdr_capital_ring_international_popeyes_uk_2023
  —  RESULT: SKIP — simplified procedure / no market-analysis sections (2 pages)
[2016/2161  86%]  eu_telefonica_brasil_auren_comercializadora_jv_2024
  —  RESULT: SKIP — simplified procedure / no market-analysis sections (2 pages)
[2017/2161  86%]  eu_telefonica_pontegadea_telxius_2022
  —  RESULT: SKIP — simplified procedure / no market-analysis sections (2 pages)
[2018/2161  86%]  eu_telekom_deutschland_ifm_investors_jv_2022
  —  RESULT: SKIP — simplified procedure / no market-analysis sections (2 pages)
[2019/2161  86%]  eu_teleperformance_majorel_2023
  ✗  TIMEOUT — case exceeded 6 min limit (stalled PDF fetch or API call)
[2020/2161  86%]  eu_telia_company_brookfield_valokuitunen_2026
  —  RESULT: SKIP — simplified procedure / no market-analysis sections (2 pages)
[2021/2161  87%]  eu_telia_company_capman_aifm_kotikuitu_target_assets_2024
  —  RESULT: SKIP — simplified procedure / no market-analysis sections (2 pages)
[2022/2161  87%]  eu_temasek_brookfield_luminace_2025
  —  RESULT: SKIP — simplified procedure / no market-analysis sections (2 pages)
[2023/2161  87%]  eu_tfs_mitsui_maf_colombia_2021
  —  RESULT: SKIP — simplified procedure / no market-analysis sections (2 pages)
[2024/2161  87%]  eu_the_hanwha_group_daewoo_shipbuilding_marine_eng_2023
  —  RESULT: SKIP — simplified procedure / no market-analysis sections (2 pages)
[2025/2161  87%]  eu_thermo_fisher_ppd_2021
  ✗  TIMEOUT — case exceeded 6 min limit (stalled PDF fetch or API call)
[2026/2161  87%]  eu_thermo_fisher_scientific_solventum_purification_filtrat_2025
  —  RESULT: SKIP — simplified procedure / no market-analysis sections (2 pages)
[2027/2161  87%]  eu_tikehau_capital_armira_group_ftapi_2025
  —  RESULT: SKIP — simplified procedure / no market-analysis sections (2 pages)
[2028/2161  87%]  eu_til_pbv_psa_canada_ventures_2024
  —  RESULT: SKIP — simplified procedure / no market-analysis sections (2 pages)
[2029/2161  87%]  eu_til_steas_socar_terminal_2026
  —  RESULT: SKIP — simplified procedure / no market-analysis sections (2 pages)
[2030/2161  87%]  eu_tjc_duponts_aramids_business_candi_2025
  —  RESULT: SKIP — simplified procedure / no market-analysis sections (2 pages)
[2031/2161  87%]  eu_tjc_warburg_pincus_inrcore_2023
  —  RESULT: SKIP — simplified procedure / no market-analysis sections (2 pages)
[2032/2161  87%]  eu_tmobile_austria_holding_meridiam_investment_jv_2023
  —  RESULT: SKIP — simplified procedure / no market-analysis sections (2 pages)
[2033/2161  87%]  eu_tokyu_marubeni_orix_2022
  —  RESULT: SKIP — simplified procedure / no market-analysis sections (2 pages)
[2034/2161  87%]  eu_topicuscom_ag_asseco_candidate_case_for_simp_2025
  —  RESULT: SKIP — simplified procedure / no market-analysis sections (2 pages)
[2035/2161  87%]  eu_totalenergies_air_liquide_jv_2023
  ✗  TIMEOUT — case exceeded 6 min limit (stalled PDF fetch or API call)
[2036/2161  87%]  eu_totalenergies_gip_clearway_energy_group_2022
  —  RESULT: SKIP — simplified procedure / no market-analysis sections (2 pages)
[2037/2161  87%]  eu_totalenergies_oq_saoc_marsa_liquefied_natural_gas_jv_2024
  —  RESULT: SKIP — simplified procedure / no market-analysis sections (2 pages)
[2038/2161  87%]  eu_totalenergies_quadra_energy_2024
  —  RESULT: SKIP — simplified procedure / no market-analysis sections (2 pages)
[2039/2161  87%]  eu_totalenergies_repsol_hitecvision_2026
  —  RESULT: SKIP — simplified procedure / no market-analysis sections (2 pages)
[2040/2161  87%]  eu_totalenergies_rns_holding_rns_enerji_2023
  —  RESULT: SKIP — simplified procedure / no market-analysis sections (2 pages)
[2041/2161  87%]  eu_totalenergies_sse_jv_2024
  —  RESULT: SKIP — simplified procedure / no market-analysis sections (2 pages)
[2042/2161  87%]  eu_totalenergies_three_gorges_corporation_jv_2021
  —  RESULT: SKIP — simplified procedure / no market-analysis sections (2 pages)
[2043/2161  87%]  eu_totalenergies_total_eren_2023
  —  RESULT: SKIP — simplified procedure / no market-analysis sections (2 pages)
[2044/2161  88%]  eu_towerbrook_capital_partners_cdr_r1_rcm_2024
  —  RESULT: SKIP — simplified procedure / no market-analysis sections (2 pages)
[2045/2161  88%]  eu_towerbrook_capital_partners_new_mountain_capital_cloudmed_solutions_2022
  —  RESULT: SKIP — simplified procedure / no market-analysis sections (2 pages)
[2046/2161  88%]  eu_towerbrook_gsf_2022
  —  RESULT: SKIP — simplified procedure / no market-analysis sections (2 pages)
[2047/2161  88%]  eu_towerbrook_jc_flowers_railsr_2025
  —  RESULT: SKIP — simplified procedure / no market-analysis sections (2 pages)
[2048/2161  88%]  eu_towerbrook_lov_group_elocga_2023
  —  RESULT: SKIP — simplified procedure / no market-analysis sections (2 pages)
[2049/2161  88%]  eu_towerbrook_team_eiffel_2023
  —  RESULT: SKIP — simplified procedure / no market-analysis sections (2 pages)
[2050/2161  88%]  eu_toyofuji_nyk_kamigumi_2023
  —  RESULT: SKIP — simplified procedure / no market-analysis sections (3 pages)
[2051/2161  88%]  eu_tpg_aareon_2024
  —  RESULT: SKIP — simplified procedure / no market-analysis sections (2 pages)
[2052/2161  88%]  eu_tpg_arch_kelso_2025
  —  RESULT: SKIP — simplified procedure / no market-analysis sections (2 pages)
[2053/2161  88%]  eu_tpg_corpay_avidxchange_2025
  —  RESULT: SKIP — simplified procedure / no market-analysis sections (2 pages)
[2054/2161  88%]  eu_tpg_francisco_partners_boomi_2021
  —  RESULT: SKIP — simplified procedure / no market-analysis sections (2 pages)
[2055/2161  88%]  eu_tpg_francisco_partners_new_relic_2023
  —  RESULT: SKIP — simplified procedure / no market-analysis sections (2 pages)
[2056/2161  88%]  eu_tpg_general_atlantic_mr_mallouk_2024
  —  RESULT: SKIP — simplified procedure / no market-analysis sections (2 pages)
[2057/2161  88%]  eu_tpg_kkr_agas_2023
  —  RESULT: SKIP — simplified procedure / no market-analysis sections (2 pages)
[2058/2161  88%]  eu_tpg_mavco_pj_2025
  —  RESULT: SKIP — simplified procedure / no market-analysis sections (2 pages)
[2059/2161  88%]  eu_tpg_mg_jv_2024
  —  RESULT: SKIP — simplified procedure / no market-analysis sections (2 pages)
[2060/2161  88%]  eu_tpg_new_mountain_hb_2024
  —  RESULT: SKIP — simplified procedure / no market-analysis sections (2 pages)
[2061/2161  88%]  eu_tpg_vitality_softbank_2026
  —  RESULT: SKIP — simplified procedure / no market-analysis sections (2 pages)
[2062/2161  88%]  eu_trafigura_armorine_2025
  —  RESULT: SKIP — simplified procedure / no market-analysis sections (2 pages)
[2063/2161  88%]  eu_trafigura_ecobat_resources_stolberg_2023
  ✗  TIMEOUT — case exceeded 6 min limit (stalled PDF fetch or API call)
[2064/2161  88%]  eu_trafigura_gm_los_guindos_generacin_2026
  —  RESULT: SKIP — simplified procedure / no market-analysis sections (2 pages)
[2065/2161  88%]  eu_trafigura_greenergy_2024
  —  RESULT: SKIP — simplified procedure / no market-analysis sections (2 pages)
[2066/2161  88%]  eu_trafigura_meroil_meroil_tank_jv_2024
  —  RESULT: SKIP — simplified procedure / no market-analysis sections (2 pages)
[2067/2161  89%]  eu_trafigura_motaengil_lah_2023
  —  RESULT: SKIP — simplified procedure / no market-analysis sections (2 pages)
[2068/2161  89%]  eu_trafigura_vilma_oil_vilma_med_oil_2024
  —  RESULT: SKIP — simplified procedure / no market-analysis sections (2 pages)
[2069/2161  89%]  eu_trane_technologies_kipema_aptus_2527_2026
  —  RESULT: SKIP — simplified procedure / no market-analysis sections (2 pages)
[2070/2161  89%]  eu_traton_aktiebolaget_volvo_daimler_truck_2022
  ✗  TIMEOUT — case exceeded 6 min limit (stalled PDF fetch or API call)
[2071/2161  89%]  eu_trilantic_direlec_group_sklum_2025
  —  RESULT: SKIP — simplified procedure / no market-analysis sections (2 pages)
[2072/2161  89%]  eu_triton_caverion_2023
  ✗  TIMEOUT — case exceeded 6 min limit (stalled PDF fetch or API call)
[2073/2161  89%]  eu_triton_keenfinity_2025
  —  RESULT: SKIP — simplified procedure / no market-analysis sections (2 pages)
[2074/2161  89%]  eu_triton_macgregor_2025
  —  RESULT: SKIP — simplified procedure / no market-analysis sections (2 pages)
[2075/2161  89%]  eu_triton_vws_2024
  —  RESULT: SKIP — simplified procedure / no market-analysis sections (2 pages)
[2076/2161  89%]  eu_trivium_tchibo_2022
  —  RESULT: SKIP — simplified procedure / no market-analysis sections (2 pages)
[2077/2161  89%]  eu_tsm_irepse_2022
  —  RESULT: SKIP — simplified procedure / no market-analysis sections (2 pages)
[2078/2161  89%]  eu_tte_aes_adre_2025
  —  RESULT: SKIP — simplified procedure / no market-analysis sections (2 pages)
[2079/2161  89%]  eu_tubacex_mubadala_spanish_jv_2024
  —  RESULT: SKIP — simplified procedure / no market-analysis sections (2 pages)
[2080/2161  89%]  eu_turner_dornan_2024
  —  RESULT: SKIP — simplified procedure / no market-analysis sections (2 pages)
[2081/2161  89%]  eu_ubs_credit_suisse_2023
  ✗  TIMEOUT — case exceeded 6 min limit (stalled PDF fetch or API call)
[2082/2161  89%]  eu_ultima_btb_2024
  —  RESULT: SKIP — simplified procedure / no market-analysis sections (2 pages)
[2083/2161  89%]  eu_umicore_hsam_emm_2026
  —  RESULT: SKIP — simplified procedure / no market-analysis sections (2 pages)
[2084/2161  89%]  eu_unicredit_alpha_bank_romania_2024
  —  RESULT: SKIP — simplified procedure / no market-analysis sections (2 pages)
[2085/2161  89%]  eu_unicredit_banco_bpm_2025
  ✗  TIMEOUT — case exceeded 6 min limit (stalled PDF fetch or API call)
[2086/2161  89%]  eu_unicredit_cnp_unicredit_vita_2025
  —  RESULT: SKIP — simplified procedure / no market-analysis sections (2 pages)
[2087/2161  89%]  eu_unicredit_unicredit_allianz_vita_2025
  —  RESULT: SKIP — simplified procedure / no market-analysis sections (2 pages)
[2088/2161  89%]  eu_united_group_motor_oil_hellas_alpha_satellite_tv_2025
  ✗  TIMEOUT — case exceeded 6 min limit (stalled PDF fetch or API call)
[2089/2161  89%]  eu_uss_munich_re_cvc_dif_2026
  —  RESULT: SKIP — simplified procedure / no market-analysis sections (2 pages)
[2090/2161  89%]  eu_utmost_group_lombard_international_assuranc_2024
  —  RESULT: SKIP — simplified procedure / no market-analysis sections (2 pages)
[2091/2161  89%]  eu_utum_schwarz_group_appliedai_2022
  —  RESULT: SKIP — simplified procedure / no market-analysis sections (2 pages)
[2092/2161  89%]  eu_valea_rockaway_media_rockaway_arts_2026
  —  RESULT: SKIP — simplified procedure / no market-analysis sections (2 pages)
[2093/2161  89%]  eu_valeo_foods_idc_holding_2024
  ✗  TIMEOUT — case exceeded 6 min limit (stalled PDF fetch or API call)
[2094/2161  89%]  eu_valeo_vsea_2022
  —  RESULT: SKIP — simplified procedure / no market-analysis sections (2 pages)
[2095/2161  90%]  eu_van_mossel_automotive_internat_lhr_becker_2025
  —  RESULT: SKIP — simplified procedure / no market-analysis sections (2 pages)
[2096/2161  90%]  eu_vanden_avenne_alcogroup_igpc_2024
  —  RESULT: SKIP — simplified procedure / no market-analysis sections (2 pages)
[2097/2161  90%]  eu_varo_energy_preem_2025
  —  RESULT: SKIP — simplified procedure / no market-analysis sections (2 pages)
[2098/2161  90%]  eu_velobank_bank_handlowy_2025
  —  RESULT: SKIP — simplified procedure / no market-analysis sections (2 pages)
[2099/2161  90%]  eu_vendis_verlinvest_karafun_group_2025
  —  RESULT: SKIP — simplified procedure / no market-analysis sections (2 pages)
[2100/2161  90%]  eu_veolia_environnement_uniper_hungary_energetikai_2024
  ✗  TIMEOUT — case exceeded 6 min limit (stalled PDF fetch or API call)
[2101/2161  90%]  eu_verdane_capital_2020_fsn_capital_vi_polytech_group_2023
  —  RESULT: SKIP — simplified procedure / no market-analysis sections (2 pages)
[2102/2161  90%]  eu_veritas_eim_patient_square_2023
  —  RESULT: SKIP — simplified procedure / no market-analysis sections (2 pages)
[2103/2161  90%]  eu_versalis_novamont_candidate_case_for_si_2023
  ✗  TIMEOUT — case exceeded 6 min limit (stalled PDF fetch or API call)
[2104/2161  90%]  eu_vesa_postnl_2022
  —  RESULT: SKIP — simplified procedure / no market-analysis sections (2 pages)
[2105/2161  90%]  eu_vgrd_assets_of_autoholding_dresden_2022
  ✗  TIMEOUT — case exceeded 6 min limit (stalled PDF fetch or API call)
[2106/2161  90%]  eu_vig_nrnberger_2026
  —  RESULT: SKIP — simplified procedure / no market-analysis sections (2 pages)
[2107/2161  90%]  eu_vinci_energies_kontron_it_service_companies_2022
  —  RESULT: SKIP — simplified procedure / no market-analysis sections (2 pages)
[2108/2161  90%]  eu_vinci_lineas_lusoponte_2022
  —  RESULT: SKIP — simplified procedure / no market-analysis sections (2 pages)
[2109/2161  90%]  eu_visma_in_extenso_fulll_2026
  —  RESULT: SKIP — simplified procedure / no market-analysis sections (2 pages)
[2110/2161  90%]  eu_vista_blackstone_smartsheet_2025
  —  RESULT: SKIP — simplified procedure / no market-analysis sections (2 pages)
[2111/2161  90%]  eu_vista_elliott_citrix_systems_2022
  —  RESULT: SKIP — simplified procedure / no market-analysis sections (2 pages)
[2112/2161  90%]  eu_vista_warburg_pincus_redwood_2024
  —  RESULT: SKIP — simplified procedure / no market-analysis sections (2 pages)
[2113/2161  90%]  eu_viterra_gavilon_agriculture_investment_2022
  ✗  TIMEOUT — case exceeded 6 min limit (stalled PDF fetch or API call)
[2114/2161  90%]  eu_vitol_saras_2024
  —  RESULT: SKIP — simplified procedure / no market-analysis sections (2 pages)
[2115/2161  90%]  eu_vmag_noa_2024
  —  RESULT: SKIP — simplified procedure / no market-analysis sections (2 pages)
[2116/2161  90%]  eu_vodafone_group_altice_luxembourg_fibreco_2023
  —  RESULT: SKIP — simplified procedure / no market-analysis sections (2 pages)
[2117/2161  90%]  eu_vodafone_uk_three_uk_vodafone_uk_holdings_2023
  ✗  TIMEOUT — case exceeded 6 min limit (stalled PDF fetch or API call)
[2118/2161  90%]  eu_volkswagen_trinity_europcar_2022
  ✗  TIMEOUT — case exceeded 6 min limit (stalled PDF fetch or API call)
[2119/2161  90%]  eu_volvo_renault_flexeco_jv_2024
  —  RESULT: SKIP — simplified procedure / no market-analysis sections (2 pages)
[2120/2161  90%]  eu_volvo_swecon_2026
  ✗  TIMEOUT — case exceeded 6 min limit (stalled PDF fetch or API call)
[2121/2161  90%]  eu_volvo_westport_jv_2024
  —  RESULT: SKIP — simplified procedure / no market-analysis sections (2 pages)
[2122/2161  90%]  eu_vrep_gilde_sfs_conteyor_2024
  —  RESULT: SKIP — simplified procedure / no market-analysis sections (2 pages)
[2123/2161  91%]  eu_vtti_shell_dragon_lng_2024
  —  RESULT: SKIP — simplified procedure / no market-analysis sections (2 pages)
[2124/2161  91%]  eu_vtti_snam_alng_2024
  ✗  TIMEOUT — case exceeded 6 min limit (stalled PDF fetch or API call)
[2125/2161  91%]  eu_vub_slovenska_sporitelna_tatra_banka_2022
  ✗  TIMEOUT — case exceeded 6 min limit (stalled PDF fetch or API call)
[2126/2161  91%]  eu_vwfs_pon_bike_bms_2024
  ✗  TIMEOUT — case exceeded 6 min limit (stalled PDF fetch or API call)
[2127/2161  91%]  eu_warburg_brookfield_everise_2023
  —  RESULT: SKIP — simplified procedure / no market-analysis sections (2 pages)
[2128/2161  91%]  eu_warburg_pincus_advent_international_baxter_pharmaceutical_solution_2023
  —  RESULT: SKIP — simplified procedure / no market-analysis sections (2 pages)
[2129/2161  91%]  eu_warburg_pincus_berkshire_partners_triumph_group_candidate_case_f_2025
  —  RESULT: SKIP — simplified procedure / no market-analysis sections (2 pages)
[2130/2161  91%]  eu_warburg_pincus_oxford_properties_hale_2022
  —  RESULT: SKIP — simplified procedure / no market-analysis sections (2 pages)
[2131/2161  91%]  eu_warburg_pincus_sebia_2025
  —  RESULT: SKIP — simplified procedure / no market-analysis sections (2 pages)
[2132/2161  91%]  eu_warburg_pincus_uvex_2025
  —  RESULT: SKIP — simplified procedure / no market-analysis sections (2 pages)
[2133/2161  91%]  eu_waterland_duvenbeck_2022
  —  RESULT: SKIP — simplified procedure / no market-analysis sections (2 pages)
[2134/2161  91%]  eu_waterland_kidsfoundation_partou_2022
  —  RESULT: SKIP — simplified procedure / no market-analysis sections (2 pages)
[2135/2161  91%]  eu_waterland_lebara_2024
  —  RESULT: SKIP — simplified procedure / no market-analysis sections (2 pages)
[2136/2161  91%]  eu_waterland_vendis_capital_x2o_2024
  —  RESULT: SKIP — simplified procedure / no market-analysis sections (2 pages)
[2137/2161  91%]  eu_waters_bd_biosciences_and_diagnostic__2025
  —  RESULT: SKIP — simplified procedure / no market-analysis sections (2 pages)
[2138/2161  91%]  eu_waverly_tpg_asia_healthcare_holdings_2022
  —  RESULT: SKIP — simplified procedure / no market-analysis sections (2 pages)
[2139/2161  91%]  eu_wbd_twdc_fox_2024
  —  RESULT: SKIP — simplified procedure / no market-analysis sections (2 pages)
[2140/2161  91%]  eu_welput_pspib_alecta_2022
  —  RESULT: SKIP — simplified procedure / no market-analysis sections (2 pages)
[2141/2161  91%]  eu_wendel_ik_partners_2024
  —  RESULT: SKIP — simplified procedure / no market-analysis sections (2 pages)
[2142/2161  91%]  eu_wendel_pep_globeducate_2024
  —  RESULT: SKIP — simplified procedure / no market-analysis sections (2 pages)
[2143/2161  91%]  eu_wendel_topscale_2023
  —  RESULT: SKIP — simplified procedure / no market-analysis sections (2 pages)
[2144/2161  91%]  eu_westcoast_komsa_2023
  —  RESULT: SKIP — simplified procedure / no market-analysis sections (2 pages)
[2145/2161  91%]  eu_wh_group_entities_of_the_wolf_group_2025
  —  RESULT: SKIP — simplified procedure / no market-analysis sections (2 pages)
[2146/2161  91%]  eu_whp_gstar_2023
  —  RESULT: SKIP — simplified procedure / no market-analysis sections (2 pages)
[2147/2161  91%]  eu_wilmar_clariant_clariant_quats_business_jv_2023
  —  RESULT: SKIP — simplified procedure / no market-analysis sections (2 pages)
[2148/2161  92%]  eu_wishcard_emz_partners_ik_investment_2022
  —  RESULT: SKIP — simplified procedure / no market-analysis sections (2 pages)
[2149/2161  92%]  eu_worldline_credit_agricole_jv_2024
  ✗  TIMEOUT — case exceeded 6 min limit (stalled PDF fetch or API call)
[2150/2161  92%]  eu_worxinvest_gimv_2024
  —  RESULT: SKIP — simplified procedure / no market-analysis sections (2 pages)
[2151/2161  92%]  eu_wrth_group_idg01_2024
  —  RESULT: SKIP — simplified procedure / no market-analysis sections (2 pages)
[2152/2161  92%]  eu_wt_fei_2024
  —  RESULT: SKIP — simplified procedure / no market-analysis sections (2 pages)
[2153/2161  92%]  eu_xerox_lexmark_2025
  ✗  TIMEOUT — case exceeded 6 min limit (stalled PDF fetch or API call)
[2154/2161  92%]  eu_xlcee_derot_black_red_white_2022
  —  RESULT: SKIP — simplified procedure / no market-analysis sections (2 pages)
[2155/2161  92%]  eu_xxxlutz_conforama_espaa_conforama_portugal_2023
  —  RESULT: SKIP — simplified procedure / no market-analysis sections (2 pages)
[2156/2161  92%]  eu_yokohama_rubber_co_trelleborg_wheel_systems_holdi_2023
  ✗  TIMEOUT — case exceeded 6 min limit (stalled PDF fetch or API call)
[2157/2161  92%]  eu_yunex_vvp_ascendi_2025
  —  RESULT: SKIP — simplified procedure / no market-analysis sections (2 pages)
[2158/2161  92%]  eu_yusen_logistics_movianto_international_candida_2025
  —  RESULT: SKIP — simplified procedure / no market-analysis sections (2 pages)
[2159/2161  92%]  eu_zalando_about_you_2025
  ✗  TIMEOUT — case exceeded 6 min limit (stalled PDF fetch or API call)
[2160/2161  92%]  eu_zeppelin_teibo_2025
  —  RESULT: SKIP — simplified procedure / no market-analysis sections (2 pages)
[2161/2161  92%]  eu_zerotwo_wp_evolution_candidate_case_for_s_2025
  —  RESULT: SKIP — simplified procedure / no market-analysis sections (2 pages)
[2162/2161  92%]  eu_zf_hella_ngk_2022
  —  RESULT: SKIP — simplified procedure / no market-analysis sections (2 pages)
[2163/2161  92%]  eu_zgc_env_deutz_china_jv_2024
  —  RESULT: SKIP — simplified procedure / no market-analysis sections (2 pages)

Run complete: 559 extracted, 1431 skipped (simplified), 173 failed
State saved:  /Users/bhavyasharma/open-market/data/batch_runs/eu_20260612_212451.json

Failed cases (171):
  eu_ec_m10047_2021: TypeError: unhashable type: 'dict'
  eu_ec_m10082_2021: TypeError: unhashable type: 'dict'
  eu_ec_m10157_2021: RESULT: BLOCKED — fix errors above before promoting to canonical
  eu_ec_m10159_2021: ERROR: No PDF caches available — cannot proceed with extraction
  eu_ec_m10160_2021: ERROR: No PDF caches available — cannot proceed with extraction
  eu_ec_m10161_2021: ERROR: No PDF caches available — cannot proceed with extraction
  eu_ec_m10162_2021: ERROR: No PDF caches available — cannot proceed with extraction
  eu_ec_m10163_2021: ERROR: No PDF caches available — cannot proceed with extraction
  eu_ec_m10164_2021: ERROR: No PDF caches available — cannot proceed with extraction
  eu_ec_m10167_2021: ERROR: No PDF caches available — cannot proceed with extraction
  eu_ec_m10169_2021: ERROR: No PDF caches available — cannot proceed with extraction
  eu_ec_m10170_2021: ERROR: No PDF caches available — cannot proceed with extraction
  eu_ec_m10171_2021: ERROR: No PDF caches available — cannot proceed with extraction
  eu_ec_m10173_2021: ERROR: No PDF caches available — cannot proceed with extraction
  eu_ec_m10174_2021: ERROR: No PDF caches available — cannot proceed with extraction
  eu_ec_m10177_2021: ERROR: No PDF caches available — cannot proceed with extraction
  eu_ec_m10178_2021: ERROR: No PDF caches available — cannot proceed with extraction
  eu_ec_m10182_2021: ERROR: No PDF caches available — cannot proceed with extraction
  eu_ec_m10183_2021: ERROR: No PDF caches available — cannot proceed with extraction
  eu_ec_m10190_2021: ERROR: No PDF caches available — cannot proceed with extraction
  ... and 151 more (see state file)

To retry failures: python3 run_bulk_extraction.py --resume-id eu_20260612_212451 --force
